session_index,stage,risk_score,hesitation_ratio,lexical_diversity,speech_rate_wpm,f0_variability_hz,energy_variability_db,total_duration_s,silence_count
0,normal,46.3,0.0838,0.7134,116.4,25.52,6.93,95.4,7
1,normal,70.4,0.0857,0.6939,105.9,12.79,11.6,107.2,3
2,normal,34.0,0.0604,0.7113,126.6,28.3,4.72,89.9,3
3,normal,59.6,0.1116,0.8088,84.5,24.31,10.03,110.3,5
4,normal,45.8,0.0279,0.6532,96.4,23.24,3.37,87.2,2
5,normal,49.4,0.0469,0.6837,102.2,26.33,7.5,91.9,6
6,normal,46.6,0.0798,0.7723,117.4,28.62,11.24,71.9,3
7,normal,71.3,0.1009,0.671,94.3,10.38,7.29,108.7,4
8,normal,44.7,0.0622,0.7515,120.4,30.15,11.64,84.2,5
9,normal,63.2,0.067,0.6635,116.7,19.46,12.03,103.9,3
10,normal,39.5,0.0692,0.7802,124.0,26.59,8.83,82.7,2
11,normal,62.2,0.0381,0.6598,97.0,21.89,10.89,66.0,6
12,normal,56.9,0.1205,0.7372,98.4,24.06,7.32,86.6,5
13,normal,50.3,0.0222,0.5691,121.5,32.81,10.66,83.6,4
14,normal,49.0,0.0438,0.7266,107.7,22.38,8.58,103.9,4
15,normal,55.8,0.1272,0.7572,100.3,23.94,7.43,125.4,2
16,normal,45.1,0.1073,0.7576,109.7,28.26,6.7,62.6,7
17,normal,47.1,0.0788,0.6571,135.7,27.41,9.29,86.9,4
18,normal,53.4,0.0467,0.7056,107.4,23.82,10.24,92.0,5
19,normal,52.1,0.1234,0.7269,112.7,29.37,8.9,112.9,2
20,normal,45.4,0.0457,0.6665,102.4,28.84,5.92,74.6,3
21,normal,41.3,0.0891,0.668,117.5,29.7,4.1,70.5,4
22,normal,52.5,0.1234,0.7251,113.3,30.68,9.65,98.7,3
23,normal,36.6,0.0649,0.7809,107.3,28.65,5.66,68.6,4
24,normal,37.6,0.0708,0.7875,111.9,32.03,8.32,74.7,6
25,normal,63.7,0.0946,0.6961,116.7,18.06,11.33,87.1,5
26,normal,47.8,0.0552,0.7321,109.4,24.53,8.65,100.0,4
27,normal,34.2,0.0509,0.7101,122.5,33.74,6.97,109.4,3
28,normal,37.6,0.0545,0.7361,127.9,29.4,8.74,112.3,5
29,normal,57.2,0.0627,0.7246,88.9,18.01,6.49,86.7,5
30,normal,45.0,0.0485,0.7019,118.1,18.74,5.45,106.1,6
31,normal,52.0,0.0493,0.6463,105.3,22.87,6.16,85.6,4
32,normal,56.3,0.0643,0.711,95.6,28.17,10.7,108.6,2
33,normal,55.0,0.0962,0.693,105.1,19.7,5.35,66.7,5
34,normal,56.2,0.136,0.7631,117.1,25.07,10.64,102.1,4
35,normal,58.3,0.0775,0.6694,119.1,22.77,10.81,68.0,5
36,normal,45.8,0.0499,0.7186,115.9,16.56,5.21,75.6,6
37,normal,45.1,0.0874,0.7303,117.4,23.86,6.27,85.2,4
38,normal,39.6,0.0629,0.8075,119.8,27.53,10.15,66.5,5
39,normal,54.5,0.0597,0.7398,106.2,19.53,9.42,84.8,4
40,normal,57.5,0.1089,0.6994,104.2,19.0,5.65,128.3,4
41,normal,50.1,0.1318,0.7713,121.1,20.14,6.79,78.6,1
42,normal,44.4,0.0336,0.7019,86.3,30.22,5.58,87.5,5
43,normal,36.7,0.0306,0.7073,116.7,28.61,6.38,97.7,5
44,normal,49.6,0.0581,0.693,99.4,27.21,7.21,103.9,6
45,normal,55.7,0.1344,0.6961,108.9,27.62,7.37,90.1,8
46,normal,53.5,0.0067,0.6694,96.5,18.26,7.17,106.5,3
47,normal,54.2,0.1104,0.7457,103.4,25.89,8.52,88.1,5
48,normal,49.2,0.0528,0.7917,101.8,15.95,7.17,114.8,2
49,normal,48.1,0.0474,0.6578,115.6,28.44,8.86,106.0,3
50,mild_decline,92.0,0.2043,0.5514,98.0,11.06,16.0,87.1,11
51,mild_decline,82.6,0.1387,0.5946,89.2,17.53,11.97,100.0,10
52,mild_decline,70.9,0.1314,0.5682,104.9,26.74,9.45,109.4,7
53,mild_decline,74.8,0.1375,0.5993,111.5,22.4,12.11,112.3,11
54,mild_decline,87.4,0.1512,0.5855,64.7,11.01,8.73,86.7,11
55,mild_decline,78.4,0.1274,0.5583,99.7,11.74,7.17,106.1,13
56,mild_decline,84.2,0.1289,0.4915,84.4,15.87,8.25,85.6,8
57,mild_decline,88.7,0.1539,0.5692,72.8,21.17,15.05,108.6,6
58,mild_decline,86.8,0.2071,0.5476,84.1,12.7,7.02,66.7,11
59,mild_decline,90.0,0.2734,0.6317,98.5,18.07,14.96,102.1,9
60,mild_decline,89.6,0.1758,0.5193,100.9,15.77,15.21,68.0,10
61,mild_decline,78.8,0.1298,0.5783,97.0,9.56,6.81,75.6,12
62,mild_decline,80.9,0.1923,0.5924,98.8,16.86,8.41,85.2,9
63,mild_decline,77.4,0.1515,0.685,101.8,20.53,14.22,66.5,11
64,mild_decline,86.7,0.1462,0.6037,85.4,12.53,13.13,84.8,9
65,mild_decline,88.5,0.2282,0.5553,83.0,12.0,7.47,128.3,9
66,mild_decline,85.5,0.2664,0.6416,103.3,13.14,9.19,78.6,4
67,mild_decline,78.7,0.1026,0.5582,61.6,23.22,7.37,87.5,11
68,mild_decline,71.6,0.0976,0.5647,98.0,21.61,8.57,97.7,10
69,mild_decline,83.6,0.1434,0.5476,77.3,20.21,9.81,103.9,12
70,moderate_decline,98.6,0.3142,0.3492,81.6,10.22,20.62,68.0,20
71,moderate_decline,95.6,0.2498,0.418,76.8,5.25,9.41,75.6,23
72,moderate_decline,96.8,0.3373,0.4345,79.1,11.09,11.54,85.2,18
73,moderate_decline,96.2,0.2801,0.5426,82.7,14.03,19.29,66.5,21
74,moderate_decline,98.0,0.2726,0.4477,62.3,7.62,17.84,84.8,18
75,moderate_decline,98.3,0.3875,0.3912,59.3,7.2,10.29,128.3,19
76,moderate_decline,97.9,0.441,0.4919,84.6,8.12,12.58,78.6,9
77,moderate_decline,96.2,0.2116,0.3946,32.5,16.17,10.16,87.5,21
78,moderate_decline,94.0,0.2046,0.4022,78.1,14.89,11.77,97.7,20
79,moderate_decline,97.5,0.2688,0.3822,52.1,13.77,13.42,103.9,23
