patient_id,date,session_index,phase,speech_rate,lexical_diversity,motor_response_ms,word_recall_score
DS_001,2025-01-01,0,normal,112.6393,0.7061,474.1284,9.053
DS_001,2025-01-02,1,normal,111.2983,0.7339,429.2487,8.5154
DS_001,2025-01-03,2,normal,115.3526,0.6461,401.5316,8.4733
DS_001,2025-01-04,3,normal,108.2019,0.7257,419.48,8.1028
DS_001,2025-01-05,4,normal,122.326,0.7064,440.9144,8.0973
DS_001,2025-01-06,5,normal,110.8714,0.7184,414.1416,8.8822
DS_001,2025-01-07,6,normal,110.5509,0.704,426.2102,9.5259
DS_001,2025-01-08,7,normal,113.8968,0.6767,457.5032,8.1862
DS_001,2025-01-09,8,normal,115.164,0.6445,410.2484,8.8042
DS_001,2025-01-10,9,normal,118.182,0.7206,436.8897,8.5872
DS_001,2025-01-11,10,normal,105.5481,0.6888,429.3097,9.1792
DS_001,2025-01-12,11,normal,115.9319,0.6515,446.5513,8.5506
DS_001,2025-01-13,12,normal,110.1161,0.7363,462.0833,9.1244
DS_001,2025-01-14,13,normal,109.1913,0.7034,446.709,9.1437
DS_001,2025-01-15,14,normal,111.243,0.7078,415.1228,8.197
DS_001,2025-01-16,15,normal,118.604,0.7629,437.8485,9.1559
DS_001,2025-01-17,16,normal,116.0346,0.6914,447.3711,9.3889
DS_001,2025-01-18,17,normal,113.7696,0.7704,381.8708,9.0767
DS_001,2025-01-19,18,normal,114.4698,0.7038,441.4468,7.852
DS_001,2025-01-20,19,normal,112.7219,0.7272,471.9023,8.4925
DS_001,2025-01-21,20,normal,109.3664,0.6965,459.5434,8.8617
DS_001,2025-01-22,21,normal,110.9548,0.7328,441.5636,9.1407
DS_001,2025-01-23,22,normal,109.9729,0.7028,430.8154,8.0804
DS_001,2025-01-24,23,normal,115.6612,0.7238,439.543,8.6162
DS_001,2025-01-25,24,normal,105.908,0.6994,431.9007,8.3687
DS_001,2025-01-26,25,normal,113.0546,0.7289,480.8731,8.7945
DS_001,2025-01-27,26,normal,115.4414,0.7118,397.2723,8.7069
DS_001,2025-01-28,27,normal,114.3169,0.8025,435.2042,8.8499
DS_001,2025-01-29,28,normal,113.7759,0.6727,464.5402,9.0462
DS_001,2025-01-30,29,normal,118.4816,0.682,470.2522,8.1073
DS_001,2025-01-31,30,normal,117.318,0.7927,417.6671,8.4716
DS_001,2025-02-01,31,normal,114.5416,0.6965,405.3602,8.7483
DS_001,2025-02-02,32,normal,107.92,0.7314,419.2295,9.3941
DS_001,2025-02-03,33,normal,109.5102,0.703,457.3049,8.1819
DS_001,2025-02-04,34,normal,115.2699,0.7612,404.1118,8.7989
DS_001,2025-02-05,35,normal,115.4547,0.7424,412.253,8.1428
DS_001,2025-02-06,36,normal,116.9481,0.7251,444.9344,8.8694
DS_001,2025-02-07,37,normal,110.0985,0.7228,445.8699,8.407
DS_001,2025-02-08,38,normal,124.6062,0.7314,413.2559,9.0046
DS_001,2025-02-09,39,normal,108.4193,0.7426,464.8868,8.3607
DS_001,2025-02-10,40,normal,119.4637,0.7292,457.4926,9.5453
DS_001,2025-02-11,41,normal,112.5753,0.6875,419.8867,8.3628
DS_001,2025-02-12,42,normal,113.5343,0.7267,445.51,9.079
DS_001,2025-02-13,43,normal,114.0478,0.7664,433.6157,9.9042
DS_001,2025-02-14,44,normal,117.5392,0.6838,415.9015,8.9287
DS_001,2025-02-15,45,normal,112.7003,0.74,449.8284,8.6867
DS_001,2025-02-16,46,normal,109.1481,0.6604,429.62,9.0917
DS_001,2025-02-17,47,normal,115.1938,0.67,443.2357,8.8864
DS_001,2025-02-18,48,normal,108.9369,0.72,440.7096,8.2202
DS_001,2025-02-19,49,normal,116.0126,0.7345,463.227,9.1778
DS_001,2025-02-20,50,normal,106.1228,0.681,450.7468,8.9424
DS_001,2025-02-21,51,normal,116.9088,0.8521,451.974,9.2134
DS_001,2025-02-22,52,normal,119.4103,0.7377,432.5037,9.0493
DS_001,2025-02-23,53,normal,109.5696,0.706,428.7665,8.7541
DS_001,2025-02-24,54,normal,127.1642,0.6478,454.5088,8.0154
DS_001,2025-02-25,55,normal,111.2843,0.7534,440.843,8.2486
DS_001,2025-02-26,56,normal,109.8974,0.7387,423.3834,8.8128
DS_001,2025-02-27,57,normal,114.2334,0.6912,486.5364,8.9948
DS_001,2025-02-28,58,normal,102.4331,0.7211,424.8902,9.09
DS_001,2025-03-01,59,normal,109.4574,0.7104,450.526,9.0958
DS_001,2025-03-02,60,decline,105.9336,0.6945,436.9954,8.2836
DS_001,2025-03-03,61,decline,121.6345,0.7129,427.7271,8.8185
DS_001,2025-03-04,62,decline,122.4672,0.7274,430.0478,8.0573
DS_001,2025-03-05,63,decline,116.3934,0.6572,481.182,8.4561
DS_001,2025-03-06,64,decline,102.6914,0.6723,408.215,7.5219
DS_001,2025-03-07,65,decline,105.3344,0.6219,523.2972,7.195
DS_001,2025-03-08,66,decline,103.066,0.6631,527.0976,7.0425
DS_001,2025-03-09,67,decline,111.0022,0.6508,481.8654,7.7199
DS_001,2025-03-10,68,decline,104.3081,0.621,512.9643,7.2005
DS_001,2025-03-11,69,decline,102.6206,0.6581,554.2779,6.6788
DS_001,2025-03-12,70,decline,112.9292,0.5567,524.0957,7.3249
DS_001,2025-03-13,71,decline,101.175,0.5962,530.8579,6.7035
DS_001,2025-03-14,72,decline,95.0151,0.6408,551.2748,6.4664
DS_001,2025-03-15,73,decline,102.3003,0.6134,569.2905,6.8929
DS_001,2025-03-16,74,decline,91.2495,0.5745,575.8498,6.7345
DS_001,2025-03-17,75,decline,94.6546,0.5907,595.5029,6.0605
DS_001,2025-03-18,76,decline,96.6914,0.5712,570.6479,6.6474
DS_001,2025-03-19,77,decline,97.0775,0.5995,612.114,6.0276
DS_001,2025-03-20,78,decline,95.0599,0.5514,598.5531,5.8117
DS_001,2025-03-21,79,decline,90.5265,0.5757,581.4531,6.6305
