patient_id,date,session_index,phase,caregiver_id,apathy,agitation,mood,compliance,social_withdrawal
DS_001,2025-01-01,0,stable,C_001,2.9,2.94,3.56,3.39,1.76
DS_001,2025-01-02,1,stable,C_001,3.99,3.27,3.75,3.96,2.42
DS_001,2025-01-03,2,stable,C_001,3.12,3.06,3.24,3.83,2.16
DS_001,2025-01-04,3,stable,C_001,3.46,2.54,4.33,3.32,1.97
DS_001,2025-01-05,4,stable,C_001,3.37,3.14,3.9,3.6,2.4
DS_001,2025-01-06,5,stable,C_001,4.62,2.67,3.46,2.99,2.5
DS_001,2025-01-07,6,stable,C_001,4.11,2.82,3.3,2.98,2.51
DS_001,2025-01-08,7,stable,C_001,3.92,3.15,3.38,3.51,2.25
DS_001,2025-01-09,8,stable,C_001,3.66,3.31,3.83,3.73,2.22
DS_001,2025-01-10,9,stable,C_001,3.69,3.19,2.99,3.23,1.95
DS_001,2025-01-11,10,stable,C_001,3.23,2.74,4.46,2.96,2.67
DS_001,2025-01-12,11,stable,C_001,2.71,2.71,3.8,3.69,2.54
DS_001,2025-01-13,12,stable,C_001,3.94,2.7,3.49,3.82,2.09
DS_001,2025-01-14,13,stable,C_001,2.91,2.31,3.26,3.64,2.26
DS_001,2025-01-15,14,stable,C_001,3.89,2.66,3.8,3.71,2.03
DS_001,2025-01-16,15,stable,C_001,3.78,2.55,3.54,3.2,1.59
DS_001,2025-01-17,16,stable,C_001,3.79,2.64,3.72,3.64,2.41
DS_001,2025-01-18,17,stable,C_001,3.88,2.83,3.51,3.35,1.34
DS_001,2025-01-19,18,stable,C_001,2.82,2.22,3.22,3.59,1.74
DS_001,2025-01-20,19,stable,C_001,3.36,3.53,3.54,3.76,1.72
DS_001,2025-01-21,20,stable,C_001,3.45,2.4,3.55,3.81,1.32
DS_001,2025-01-22,21,stable,C_001,3.77,3.0,3.42,2.67,2.22
DS_001,2025-01-23,22,stable,C_001,3.28,2.99,3.73,4.2,2.07
DS_001,2025-01-24,23,stable,C_001,3.04,2.97,3.83,4.07,2.61
DS_001,2025-01-25,24,stable,C_001,3.73,3.61,3.12,3.07,1.73
DS_001,2025-01-26,25,stable,C_001,3.35,2.19,4.03,3.28,1.45
DS_001,2025-01-27,26,stable,C_001,3.04,3.03,4.14,4.39,3.65
DS_001,2025-01-28,27,stable,C_001,3.76,2.38,2.65,3.53,1.78
DS_001,2025-01-29,28,stable,C_001,3.34,2.57,3.65,3.93,2.27
DS_001,2025-01-30,29,stable,C_001,3.47,2.36,2.88,3.15,2.16
DS_001,2025-01-31,30,stable,C_001,4.43,2.94,4.21,3.15,1.6
DS_001,2025-02-01,31,stable,C_001,3.07,2.52,4.78,2.98,2.61
DS_001,2025-02-02,32,stable,C_001,3.1,3.34,3.91,3.32,2.17
DS_001,2025-02-03,33,stable,C_001,3.22,3.1,3.49,2.78,1.55
DS_001,2025-02-04,34,stable,C_001,3.63,3.67,3.8,3.34,2.33
DS_001,2025-02-05,35,stable,C_001,4.2,2.99,3.51,3.95,2.4
DS_001,2025-02-06,36,stable,C_001,4.32,2.97,3.1,2.71,3.01
DS_001,2025-02-07,37,stable,C_001,4.41,2.79,3.53,4.13,1.63
DS_001,2025-02-08,38,stable,C_001,3.1,3.2,3.52,3.39,2.11
DS_001,2025-02-09,39,stable,C_001,3.72,3.58,3.76,3.72,1.16
DS_001,2025-02-10,40,stable,C_001,3.52,2.46,3.11,2.96,2.02
DS_001,2025-02-11,41,stable,C_001,4.01,2.21,3.73,3.15,2.02
DS_001,2025-02-12,42,stable,C_001,4.05,3.15,4.39,3.32,1.84
DS_001,2025-02-13,43,stable,C_001,3.44,3.0,3.81,2.85,2.23
DS_001,2025-02-14,44,stable,C_001,3.66,4.14,4.66,2.97,2.04
DS_001,2025-02-15,45,stable,C_001,2.82,2.58,3.87,4.0,1.82
DS_001,2025-02-16,46,stable,C_001,3.22,1.8,3.64,2.86,1.92
DS_001,2025-02-17,47,stable,C_001,3.11,2.83,2.84,2.66,3.25
DS_001,2025-02-18,48,stable,C_001,2.9,2.33,4.64,4.85,1.6
DS_001,2025-02-19,49,stable,C_001,3.36,3.05,4.58,2.9,2.07
DS_001,2025-02-20,50,stable,C_001,3.94,3.1,3.53,3.33,1.5
DS_001,2025-02-21,51,stable,C_001,3.43,2.74,3.83,3.12,2.42
DS_001,2025-02-22,52,stable,C_001,4.05,2.96,3.89,3.42,2.19
DS_001,2025-02-23,53,stable,C_001,3.19,3.04,3.67,4.44,2.98
DS_001,2025-02-24,54,stable,C_001,3.74,2.5,3.16,3.99,2.32
DS_001,2025-02-25,55,stable,C_001,3.79,2.01,4.18,3.62,1.63
DS_001,2025-02-26,56,stable,C_001,3.31,3.01,3.74,3.25,2.14
DS_001,2025-02-27,57,stable,C_001,3.42,2.95,4.45,2.11,2.07
DS_001,2025-02-28,58,stable,C_001,3.64,3.03,3.53,2.52,2.35
DS_001,2025-03-01,59,stable,C_001,4.41,2.11,4.15,3.23,2.16
DS_001,2025-03-02,60,prodromal,C_001,3.12,2.79,4.46,3.75,3.16
DS_001,2025-03-03,61,prodromal,C_001,4.34,3.26,4.77,3.73,2.82
DS_001,2025-03-04,62,prodromal,C_001,3.7,3.15,3.64,4.07,1.93
DS_001,2025-03-05,63,prodromal,C_001,4.34,3.1,4.66,4.01,3.54
DS_001,2025-03-06,64,prodromal,C_001,4.41,2.49,4.13,3.11,2.48
DS_001,2025-03-07,65,prodromal,C_001,4.9,3.68,3.91,3.25,2.86
DS_001,2025-03-08,66,prodromal,C_001,3.64,3.1,4.5,4.39,3.26
DS_001,2025-03-09,67,prodromal,C_001,3.2,3.67,4.47,4.08,3.88
DS_001,2025-03-10,68,prodromal,C_001,3.42,3.3,4.82,3.14,3.92
DS_001,2025-03-11,69,prodromal,C_001,4.73,4.1,4.33,4.4,3.82
DS_001,2025-03-12,70,prodromal,C_001,4.76,3.87,4.84,3.62,3.32
DS_001,2025-03-13,71,prodromal,C_001,4.67,4.03,5.3,3.59,3.45
DS_001,2025-03-14,72,prodromal,C_001,5.59,3.55,4.48,4.28,4.04
DS_001,2025-03-15,73,prodromal,C_001,4.95,4.66,5.41,4.66,4.01
DS_001,2025-03-16,74,prodromal,C_001,6.21,3.98,4.07,5.1,3.61
DS_001,2025-03-17,75,prodromal,C_001,5.2,4.81,4.36,3.73,3.15
DS_001,2025-03-18,76,prodromal,C_001,4.85,4.46,5.51,4.55,3.35
DS_001,2025-03-19,77,prodromal,C_001,4.19,4.34,5.1,4.7,4.52
DS_001,2025-03-20,78,prodromal,C_001,5.52,4.78,5.54,4.8,3.93
DS_001,2025-03-21,79,prodromal,C_001,5.46,4.58,5.93,4.4,4.65
DS_001,2025-03-22,80,prodromal,C_001,5.51,4.5,6.02,3.66,3.85
DS_001,2025-03-23,81,prodromal,C_001,5.01,3.47,5.36,5.09,4.47
DS_001,2025-03-24,82,prodromal,C_001,5.95,5.26,6.45,4.74,5.4
DS_001,2025-03-25,83,prodromal,C_001,5.99,4.38,5.58,4.09,4.38
DS_001,2025-03-26,84,prodromal,C_001,5.87,5.28,6.83,4.2,5.13
DS_001,2025-03-27,85,prodromal,C_001,5.63,5.2,5.99,4.04,5.51
DS_001,2025-03-28,86,prodromal,C_001,5.95,4.77,5.61,4.69,5.37
DS_001,2025-03-29,87,prodromal,C_001,6.25,5.28,6.42,5.74,5.1
DS_001,2025-03-30,88,prodromal,C_001,5.71,5.73,6.16,5.69,5.57
DS_001,2025-03-31,89,prodromal,C_001,6.48,5.45,7.39,6.23,5.52
