Maternal_Age,Fetal_Fraction,Chr21_Read_Ratio,GC_Content_Bias,Fragment_Size_Ratio,Trisomy_21
29,0.19380854196079433,1.0095042383818604,0.4326928903301279,0.9101585328651642,0
40,0.08398833964896789,1.0866291753170871,0.4853832036216386,1.1530824347895294,1
19,0.16769361870827065,0.9988546015474739,0.4871344893592039,0.8405572341205633,0
25,0.10026218498590916,1.0004698059376473,0.4364980358556227,1.0622849932347498,0
22,0.09288102574893534,1.001202956317119,0.46543316502176246,1.0711614878088889,0
22,0.02329429146321889,1.012776768218985,0.45996942035938776,0.9251513463443446,0
35,0.10578373171464293,1.0117929718406382,0.4520255544423033,1.2060747924881987,0
46,0.13755179257604633,1.0694314190190872,0.46936127848755443,1.3368631557532349,1
23,0.134302572999922,1.0105842448684959,0.39723781540730657,0.8816741487334225,0
18,0.08652965827777212,1.0071754225579597,0.49507071156288085,1.0074094780419776,0
36,0.030994927089255428,0.9829661756064485,0.44833356903310145,1.0384065448939308,0
37,0.04662789499800615,1.0482175992097442,0.4108659149848544,1.2669672548830038,1
39,0.10300601068363223,1.0397226616532662,0.41822359434333145,1.1937320902726827,1
32,0.050713697683222814,1.0050404651551785,0.4340922714488268,0.9207127167737655,0
27,0.0482378838790313,0.9944635069465282,0.41406366322233457,1.196472513291639,0
28,0.06501372460037072,1.0021397991073422,0.4466301585092751,0.9779030400466777,0
31,0.13787538550236528,0.9946949885238947,0.4327254527806596,0.9724948302848356,0
18,0.02424044689007239,1.0136687426744453,0.4993490314050385,0.9750963960443622,0
30,0.11556250772717681,1.0307888080845524,0.4835872473430373,0.9872082408519234,0
23,0.019677683987121372,1.0020346363586723,0.4273094776414709,0.8577746290402326,0
24,0.045922599819280256,1.0168714163507258,0.4764491927084835,0.9992027358683383,0
35,0.10386841538238092,0.9913871579867174,0.4956937223180897,1.053891004368466,0
22,0.0904830660958196,0.9912438174661524,0.4085160080710699,1.0926177547531641,0
37,0.030071621309042937,1.0056296923669057,0.4304807229263452,0.9512874616235304,0
25,0.056800461516009204,1.0004852162794482,0.4250714965076689,1.027045682577984,0
27,0.08805259765667951,0.990924363379584,0.43269686008295005,1.0755391225825757,0
30,0.05112223776007245,1.0009933230542922,0.47254161370115366,0.8330594718878628,0
30,0.06686881205270767,1.0057059866859317,0.4271022253037245,0.8195117899335481,0
19,0.1024042473330691,1.0025972250172148,0.42287050124686776,1.0638592458777374,0
19,0.09669601006763417,0.9878898380023754,0.4304449167659352,1.0047398671316414,0
23,0.08077222278850874,1.0100629280921445,0.4326932439143055,1.0835692112065143,0
22,0.12649020889576415,1.014415686206579,0.37585066499618136,0.9203104744529523,0
30,0.08984773069785038,1.003711458733713,0.4318804443985254,1.00865897874729,0
37,0.20838910308299036,1.0550884168660244,0.46012807986225607,1.1588123033877533,1
35,0.12837209060901894,1.057889042847566,0.4373704655753921,1.2289774856896412,1
48,0.1935562351715846,1.0434795293566432,0.48603641766491834,1.159192462697845,1
18,0.0495956844541298,0.9812920807897414,0.43945459547876076,1.001841837918955,0
36,0.11634636868820813,0.9978089947119113,0.4748821674355047,0.7788864690992114,0
29,0.13854325969434836,0.9852141375422016,0.4843126212962079,1.0338496407494415,0
25,0.13163909330531426,1.022706928578044,0.4554559876517549,1.0248220586300336,0
25,0.057507781526760414,1.0083033581654424,0.424317485222734,1.0071566237219391,0
25,0.1239489912873196,1.0033366210528696,0.481126198327737,0.9489983601145253,0
26,0.05106181421088463,0.9955570673992389,0.46131901479134557,1.075698861664535,0
33,0.193480296005283,1.077112757176099,0.46240304709671104,1.3876795812558065,1
24,0.03776726483442915,0.9822127975109572,0.4948813293446755,1.0654365656354057,0
27,0.11399843131599102,0.9887451095270162,0.5233725593885048,1.0129221181975228,0
28,0.1362883311949346,1.004810092317367,0.45671652072837393,0.9209525544554689,0
30,0.1941012248237517,1.0134542004615499,0.4977955987991819,0.9488784323568815,0
23,0.0937106539950176,1.000557249122887,0.4828257455541285,0.8307535370285181,0
35,0.09209960507105053,0.9957311893005258,0.41963686874219497,0.834514332813423,0
42,0.15366589835942018,1.024200782005179,0.4111476368380915,1.166421530070987,1
36,0.08702043243181977,0.9849685704688189,0.4426277080774217,0.972727643025233,0
24,0.14728525667410938,1.0453813093958264,0.47088619094440254,1.3848956094945346,1
43,0.13655556547225847,1.0278694818251666,0.5272007940974959,1.2059218434014487,1
28,0.09879374564449984,1.0019808476076786,0.44566918764228175,0.9426337993119763,0
35,0.14836233648920008,1.0391315045773248,0.42861462651968507,1.2106430227691896,1
26,0.17519964942913444,0.9734903019160699,0.48274520555767386,1.124608519249763,0
18,0.08286562029598257,0.9962855913400421,0.4077746491584654,0.9222183312409125,0
22,0.18761352217118116,1.0093567839314745,0.4881466528498248,1.0721672064043235,0
22,0.07377398668601132,1.0048937456122793,0.41333616573324167,1.071299843017239,0
26,0.08125895962252012,1.007109599682035,0.4633278993445812,0.963903383418092,0
33,0.04594683362000514,1.0061593560694426,0.4677930377390515,0.969045356068601,0
39,0.08744432118073485,1.068480540384138,0.44445293590671037,1.147727697948096,1
33,0.06478281547286205,0.9859153870363644,0.40330112479428293,1.060600995134564,0
21,0.18773970909921825,0.9791807059211628,0.5008936910487012,1.0211017467202619,0
27,0.07275404565955251,1.0039913611435207,0.44887095892725454,1.110330188201652,0
28,0.10751508807309389,0.9963638778778614,0.44829163128836796,1.030780176889206,0
29,0.08259072889471435,1.0648652818804543,0.45512596314383824,1.181601666364732,1
28,0.11737908526808356,0.9946024031969064,0.42665085823793064,1.0195845255097682,0
33,0.17041263778572358,1.0159483279152433,0.48087466911976934,1.2472597482413041,1
29,0.1491345491972757,1.0166547444446257,0.48043110195054395,0.8159125768668355,0
21,0.06875907111521606,1.0002609105021083,0.4655297706140737,0.9274256186846535,0
28,0.062230853382333876,0.9938848219700805,0.40780016709455336,0.9076766753889096,0
31,0.10120633735113335,1.0710728359321569,0.42151803333504173,1.463238206483739,1
30,0.1092418061847437,0.9914164221981878,0.47100929638226974,0.9424362173762226,0
28,0.22800422691343974,0.9990394010027535,0.48447819978857026,0.9296823574874112,0
27,0.1885400317817755,0.9937303294221224,0.5043734567399079,1.0707751935455476,0
25,0.13162038695277606,1.0097255444962674,0.4686542988665159,0.8429775280109544,0
24,0.08762406822242477,0.9992556657089995,0.46862016292652037,1.0177701000933255,0
21,0.11900989255029817,1.0061058574528383,0.4667937134379312,1.1080780725554622,0
42,0.17295900396142183,1.048596685770827,0.4001711719945203,1.2429618219132585,1
29,0.11357894185976868,0.9872325142417969,0.4175683037877521,1.1053152853332904,0
27,0.13407503486863123,1.0002831837613047,0.4508926841848724,1.0938283805975997,0
25,0.10480603884704917,0.9953772471129496,0.4369651131770305,0.969082787653136,0
29,0.07606256891682614,1.0125575612557352,0.4231617809334149,0.9813128355838641,0
25,0.17234889421768665,1.0019655477651157,0.48095533618405906,0.8514439626963028,0
29,0.14448153978117187,1.0008228398927543,0.48196441125196055,0.9482711549899627,0
35,0.21494490618096251,0.9963716143956034,0.43663492435797685,1.14533844771177,0
45,0.12385699864233658,1.0415962636580829,0.44154646173418477,1.0655549488965723,1
23,0.049792961662396606,0.9923220243489587,0.4489594533783966,1.0234214732536522,0
35,0.050082297963060456,1.009843223984766,0.44358033467323477,0.9950536290347567,0
31,0.043863898921885074,1.0038240974618404,0.4549935662463917,1.049245126400815,0
29,0.22276500699554472,0.9936226001574868,0.43407009134994545,0.9376859473575235,0
25,0.06813064363467411,1.0118901653110755,0.49261512743969565,0.9429253706250523,0
23,0.12357077781932022,0.9944777695571902,0.46898795453266534,1.02029230208513,0
20,0.1773752600665031,1.0179587767309553,0.43161633928546844,0.9612298440064015,0
29,0.11672283949935125,1.0065854427267282,0.5103061361629905,0.982305277250595,0
24,0.031034038599273644,0.9926906996005808,0.4490061908137861,1.1794557863517787,0
25,0.11118939758194493,0.9998357710392725,0.4856517982034425,1.2526932425873623,0
25,0.0755280278740889,1.0104416087706907,0.47045674468878934,1.1846707325736034,0
30,0.08203539546064703,1.0059065483069232,0.48326110741748723,1.0820482181197364,0
30,0.1533337344794577,1.0116929559044567,0.49146476973112585,1.0648709887589642,0
27,0.10733568432166615,1.0120650896650836,0.4254919298703829,1.0368673308872902,0
26,0.10143724114674088,1.0127845186260729,0.4557329720405971,1.0046436548156148,0
31,0.18731267830136103,1.0629096836228216,0.5148976416991639,1.1692221765047,1
29,0.11246918418553777,1.0157745327976349,0.44714113402839145,1.027902152577034,0
31,0.10933045615781792,0.9955356638544948,0.4558226997869492,1.1073631749859771,0
22,0.10664848370734381,0.9929987918506082,0.4858513988677453,0.8476813095216225,0
25,0.11886059375322605,1.0156552402923433,0.4480274921678104,0.9444800473306801,0
37,0.027599304979187805,0.9780119404337991,0.4632004335016,0.9497945775647388,0
22,0.1354178223649677,1.002438007137712,0.43307764107789815,0.8719695601329105,0
32,0.13251005889793305,0.9990082413622061,0.50539910988143,0.8929915233673847,0
30,0.11540459650593776,1.04908827967289,0.45730018347968077,1.175876394214367,1
39,0.0874230287904778,1.0788752920814653,0.44753546464822297,1.3117295831588127,1
29,0.12283766095768921,1.0056976728023221,0.46343125680051944,1.0642722759867544,0
44,0.1598260584850735,1.0641800751517703,0.44730792917138323,1.3440117215449472,1
34,0.2400470216455408,1.049196840987113,0.40707674693645857,1.212810441491079,1
24,0.14203217744943622,0.9934737602069761,0.43661449700355665,0.8110459269054469,0
35,0.028806033668552153,1.0183219435302855,0.47281243968432896,1.2785800158650833,1
30,0.051651192843539355,0.9995228864385802,0.44989192382728294,0.8841635310807457,0
45,0.19386811452878355,1.0455807165234068,0.4508065751698359,1.220838280794755,1
27,0.13764113087397015,1.036360315040044,0.41995139970315254,1.1718899707114045,1
36,0.1320421430633505,0.994288210102172,0.46717748344068477,1.1399355436586003,0
32,0.10298151849600871,0.9935306322229442,0.4709466994084077,1.039348538542175,0
32,0.1317585900840985,1.0104955271531932,0.433942943653183,1.1317394065634325,0
28,0.2037630436312633,0.9931081218191044,0.5020789140949575,1.0197910783462647,0
34,0.1258057082972839,1.0435930538361136,0.4627249783920575,1.25228354880355,1
35,0.14878227038695085,1.0928454071722373,0.5018262951030213,1.2436323669674032,1
28,0.10600156633591307,1.0061351797273042,0.41931622304404786,0.9742623462576655,0
19,0.11996115613026397,1.0064719593970275,0.4355044061310188,1.1573986763290032,0
21,0.026781255989508992,1.0022445181855997,0.4814129490783646,1.168392769145787,0
25,0.1539340416715648,0.9996149153049929,0.4448211810017754,1.0883659937486672,0
31,0.021180392150787528,1.0147654034972589,0.4914027406244236,0.937443729849047,0
29,0.12470150931413695,1.002606737658239,0.4334908453846374,0.9328376632061949,0
37,0.20863645096296823,1.0608720030918888,0.43888157003741685,1.2771698710648345,1
18,0.15743828501860518,0.982602862212219,0.43912677175790604,0.8880330105373856,0
21,0.15804133936892598,0.9953229879868811,0.4603951164519215,0.9953079421120816,0
30,0.10384109455301277,0.9871700777581143,0.4798880045834142,0.9506243416838688,0
20,0.07859424195170438,1.015007597906343,0.47550665226340477,0.965134786559214,0
36,0.13391824743913086,1.091534959671217,0.46145806356694663,1.243004164719107,1
43,0.16193945795132567,1.044819157083586,0.4441095045274507,1.1928398740585935,1
27,0.136381477181849,1.000519458858073,0.4719792023164674,0.9919283419891418,0
28,0.01,1.0091632767470249,0.4603946542769398,1.0998010109859653,0
18,0.2044187352390364,0.9986041037184482,0.4832454845021255,0.8960094072874469,0
31,0.047329221841317194,0.993762310393042,0.5074209406160036,0.9809317599236653,0
29,0.14350338653443773,1.004956818879726,0.4545125671543073,1.0364961002466226,0
40,0.09711906014832074,1.0020109904671497,0.4815196318802284,1.1105525932957985,0
33,0.13193651110145924,0.9885699508726952,0.4990029459690329,0.8853654606981312,0
29,0.062286207499032104,0.9993586165340701,0.45986287230910444,1.0321357215450273,0
30,0.18068556345293235,1.0045353430151398,0.44267530094128055,1.0964087168288357,0
43,0.08861960924315038,1.0619480013969973,0.47103518226932695,1.1702436496640007,1
34,0.09249722064837367,1.0012557645347153,0.4448078452714839,1.0015579047581467,0
22,0.02799745587028528,1.0159450506322498,0.4245911595504502,0.9008607650543693,0
18,0.0680519126155249,0.986769102065925,0.4992604548040911,1.1009817089342635,0
34,0.26262179026721544,1.069635309739832,0.44025505849474134,0.9500594285126427,1
39,0.0305213766618202,0.9835460125304311,0.4806771129602892,1.2439752406339273,0
34,0.128195456002618,1.005947543416653,0.4756024667634092,1.0758928589786765,0
29,0.10521005519759381,0.9993740687210048,0.42738106233399975,0.9719324923133226,0
19,0.09508301866026252,0.9901140889284908,0.41689232048352687,1.017989415115348,0
34,0.14591583030011565,0.9842949939637682,0.42031115590288987,1.0940771187988216,0
23,0.08876834250014877,1.0055005209902454,0.420949666354091,1.010537550614596,0
21,0.06993161780243932,1.0031978193414253,0.40221018799404995,1.04404747379604,0
27,0.1276244977208574,1.0022391413406466,0.49092421289921534,1.0125224502647907,0
25,0.10611487515161419,1.0054329802903639,0.45146580210977116,1.0040591691203882,0
24,0.0668549541224526,0.985973947282003,0.5024873022956082,0.8756136764608715,0
34,0.11407963672154012,1.0678984875388888,0.44115150965123917,1.3247742072673734,1
24,0.11394970811119011,0.9916465294674024,0.5143544738332017,0.8812401580970487,0
29,0.13168884404660494,1.004137990974515,0.44444137023366875,0.9870179300266574,0
28,0.09264989991857557,1.0096387911679492,0.5163156900477406,0.9442508214992167,0
21,0.09558589758243727,1.0257970933765432,0.4258897629609081,1.1639116805444067,0
36,0.07232058791460028,1.0056898307918527,0.49885189869385616,0.9620872259012513,0
26,0.07091595430256782,0.9898524326930713,0.4305216736480198,0.8776059733237743,0
28,0.06150133844706791,1.0023378591179075,0.4033231306138912,1.0330880232214457,0
32,0.01,1.0037405656984757,0.4868300697741988,0.8790358981308795,0
36,0.12095095046830226,0.9929498814424159,0.4483269276702688,1.0558326912521723,0
28,0.12693779962231846,0.9907932640692063,0.45508082472108236,0.8586285503095019,0
27,0.054804617926760515,0.9926447005741024,0.48708279525631315,1.1091310120594269,0
31,0.045384361766371055,0.996835915503052,0.48639293099937553,1.0141716913639904,0
49,0.1696658919697186,1.0538409823298007,0.440726506073925,1.2133540904782283,1
27,0.13540543383442954,1.0095670231679459,0.4264203161847615,0.8668767046442222,0
18,0.12539956634562718,0.9889663339382613,0.3854132822114255,1.0388578604530965,0
40,0.09969645442300534,1.0083849077445164,0.452454880756427,0.9901110346808857,0
42,0.13548627279056744,1.055347846281438,0.45965093418588043,1.133190954635695,1
42,0.14125201216522956,1.034885096810143,0.46609529530711213,1.1101532018208962,1
28,0.09954405016778983,1.0108589556583158,0.4642409469863986,0.9974973041254857,0
32,0.16951037745086567,1.0055781030635187,0.45031057859530144,0.868816376764984,0
32,0.13473876478226662,1.0378097559568145,0.4443908609104366,1.2056649924897107,1
30,0.09647506109704544,1.004865016438262,0.45193423244430364,0.8024533433646128,0
23,0.09279562221391924,0.987903052571589,0.4679978618998861,1.1530750832343697,0
34,0.0893278564534896,1.0149072613684995,0.45446002371606337,0.966291402888196,0
24,0.0848765156755936,0.9961182318145877,0.45511248667126464,1.0160573981049865,0
38,0.17184690848731748,1.073812925495727,0.4784866240632397,1.0515102031550096,1
25,0.19671599556196367,1.0226624260316917,0.4432570379432195,1.0829886973940641,1
18,0.1270731364102394,1.0075915516030265,0.43270468797819844,0.7408957707855091,0
25,0.11959020027012733,0.9852108843122587,0.4555007975933747,0.9984690150827005,0
30,0.10597901842070767,0.9902693105911844,0.48589714504993475,0.984147042697303,0
27,0.0533366020463402,0.9955671774880849,0.42345591857919296,0.9827053940076577,0
46,0.08140494285343218,1.0177287720424653,0.49413510982480824,1.1790676322848133,1
34,0.20199523436980382,1.0378876892052629,0.5047802914064081,1.2677925871339268,1
25,0.20786541066327519,0.9939428507699666,0.4722628611602792,1.0299292580406492,0
34,0.17807555983634266,1.0003200414906577,0.4273974638896145,1.0459972142939116,0
24,0.20066936237633115,1.0013653533108273,0.43904035346063675,1.0184680305864908,0
21,0.05141929807446743,1.0120041390794443,0.4302931716308581,0.895308901731806,0
40,0.20928520773314985,1.0643790662133015,0.4798814305741745,1.1243204911430538,1
20,0.17506668259777436,0.9967732016115787,0.4424750095063486,1.1328194141849057,0
30,0.12279438860408039,1.021650023449011,0.4306944530885957,1.0927840128081237,0
28,0.11342961394316285,1.0152846842641252,0.46523507268868874,1.0538296079049634,0
33,0.08175236352285574,0.99160790332661,0.418655724179369,0.8033643410623998,0
38,0.044839581713915846,0.9977874637641423,0.4416956010033324,1.03074066978091,0
32,0.14302367441798727,0.9941692256143106,0.4449863485864077,1.02825799504883,0
26,0.18036727880099965,1.0049097495163826,0.47204633358149456,1.0662881268667412,0
33,0.10905107793518536,0.9870316805204415,0.46199063855257927,0.9348643106208171,0
25,0.12931820093775467,1.0123828307143363,0.45063814730208185,1.0308833012598964,0
36,0.11203765897442843,1.0260168311418039,0.4669652893689463,0.8239237240844182,0
31,0.11905791924413889,1.0128975275408274,0.47019544053809875,0.9861544016016226,0
21,0.08954883713569874,0.991494795457907,0.43258429650585833,1.058857840442061,0
36,0.11973357649114906,0.9880411693796481,0.4633380800466042,1.1196631486645652,0
24,0.09329914166635413,1.000146881947292,0.4264530506075328,1.064828043384386,0
27,0.1209766221953514,0.991125078221979,0.4368762509902977,1.072238135782777,0
36,0.23634819256167025,1.042007276287708,0.4567405417725566,1.293259083187309,1
20,0.011959559400961203,0.9847434368542991,0.48787752310281546,0.9448141854107553,0
40,0.07178762006713058,1.0018455130319703,0.49626329857703627,1.2006092888159123,0
38,0.16041831152965713,1.0102406252581146,0.4677758084760355,1.0778361076166638,0
25,0.059090055828884644,0.9999662554258905,0.44489446132425214,0.9546771950672724,0
31,0.14776526042852556,1.0008840688629184,0.49432590243165786,0.8858310885866495,0
27,0.06415888396985975,0.9813346338292694,0.44751957942471904,0.9878252491616717,0
45,0.1815405842277389,1.0295162635134159,0.5056227769900257,1.3221033695525353,1
30,0.08867579505750842,0.9904056076327652,0.43883379671786843,1.1088748619704185,0
47,0.22716217641360945,1.0402230115642745,0.4164114770013297,1.2140886246911204,1
19,0.11615838570923909,0.9985239741370133,0.43601890494395273,0.8405296932733204,0
30,0.07336495801690443,0.9883008316428972,0.36383213360155053,0.9972485094949364,0
36,0.1830629607273935,0.9954290374341372,0.4319336381891466,1.0468774256075024,0
23,0.1150895949909733,1.007660802783847,0.48680799671652925,0.9899845923520048,0
26,0.05610087066217195,0.9917311964596014,0.4432056332429542,1.0367365506816177,0
32,0.05984105246598276,1.0149268856895952,0.44186629196872296,0.9978632705651563,0
24,0.01,1.0088404539636104,0.472105316912773,0.9718672442881786,0
28,0.12579696088520498,0.9843745414311346,0.4341284196796112,1.0794264679621828,0
21,0.11467789660833147,0.986434181953766,0.4639928994730058,0.9964358517702516,0
19,0.15823696772285858,0.9926540842320195,0.4256924268895686,1.0200569197230942,0
33,0.049208909051080156,1.0006167984984797,0.4628644950099172,1.0693105607263145,0
38,0.1316486080458339,1.0334481955870256,0.45258431649139125,1.0927860988014393,1
23,0.1718279902078834,1.068078696821724,0.37911202693374485,1.0990269295290063,1
41,0.25287477348558496,1.0504158741535081,0.42815991176312596,1.181710355889516,1
34,0.06770179104377325,0.9920080799334975,0.435517694334539,0.9046671391741288,0
28,0.18123392292347804,1.0032307927311603,0.44242939493621136,0.9708188731084456,0
30,0.19415548885735795,1.048443256059744,0.44458560259228125,1.5193107567844861,1
29,0.06241044749524079,0.9957364240379446,0.48445337127590266,1.0113270410537765,0
30,0.19596144672876017,1.0366371182892202,0.5061989332865264,1.308004806571465,1
35,0.21405081808675563,1.0513571102105481,0.47558321025366657,1.2484732817294475,1
33,0.11782250838412689,1.0705992163516234,0.4399567400368038,1.1596351536758003,1
23,0.12117995327967306,1.0206252491924315,0.4179740125723718,1.0024219456672758,0
35,0.09601793043771426,1.0045237179624973,0.4181281941555936,1.0428307097207647,0
37,0.19928649978399315,1.0737477210312951,0.5276869092605584,1.2579633173213576,1
29,0.10971921507886681,0.9964683370718931,0.46015451530385076,0.9704598589860971,0
28,0.165879876780398,0.9899345743472036,0.48419635683387136,1.1317115067339865,0
27,0.01,0.9939217801290556,0.4889098363968333,0.9977131937701118,0
33,0.12476125393858913,1.0668124005300912,0.4664020070460414,1.1761067900830304,1
26,0.08041209254780891,0.990775898155015,0.49846127068408325,0.967767953078866,0
34,0.1760658025961226,1.0099831089814797,0.43705139061845855,1.040373009033661,0
27,0.054814906963493594,1.003243592817216,0.41462880626520593,1.1187679388461564,0
25,0.11005798279364197,1.0028328787154615,0.4422328507888777,1.0586693801475275,0
35,0.1935648648728622,1.0230804063950651,0.45379138738639235,1.3938928999058284,1
22,0.06611275147375742,1.0051390784965892,0.45538745345818793,1.035063009927356,0
30,0.13173607342808852,1.0110969984195621,0.4622945597078554,0.9758742345381457,0
41,0.24499409674476078,1.0473473250723486,0.4207641208598808,1.3107080669286972,1
27,0.01,1.0084742167715042,0.43394015442138234,0.990946671769584,0
29,0.10952498398895333,1.0070945181713904,0.4369354088829047,1.0513105798176083,0
26,0.13694052404437515,1.0061536748401305,0.42193683893866213,1.1085982116175033,0
25,0.14040288991405725,1.0036728731340134,0.5051455103038537,0.9776534017628148,0
26,0.09902901970561337,0.9969682021716573,0.4739982570582615,0.8383689391563411,0
32,0.09660985392104034,1.0690061518394716,0.5013184011774577,1.1895550781462527,1
37,0.15350260815565905,1.0732375660521638,0.4221794059742828,1.2238368982734784,1
42,0.17505470849699226,1.053791632331975,0.48003138277701424,0.9296767707000761,1
41,0.1172962158436288,1.013387342062871,0.46533607798574944,1.3373658545162956,1
27,0.14764372736014694,1.0161227825798864,0.4894474336075214,1.1639964529371394,0
31,0.10377168194507964,0.9839803418810283,0.44261812535610157,0.9156753404683808,0
38,0.09120570937838318,1.001232048067845,0.466544561281214,1.0043602446372453,0
36,0.06886753191327741,1.0019460745523725,0.42772588242905857,0.8679977488779294,0
24,0.0981481601475794,0.9957069777548274,0.42922737060378435,0.8593682536328167,0
27,0.024763981298449894,1.007600559636896,0.4524731925880351,0.8542448500535069,0
36,0.11239217972047083,1.0563834902083837,0.49021351338069435,1.0124827530354255,1
28,0.09199336022166799,1.0067134007645047,0.45639589884713067,0.9248030668261181,0
26,0.06019870715982555,1.010760071385986,0.45063934946015827,1.1901190685753007,0
27,0.06457966165447687,0.9848628560738717,0.39590580971232164,0.841586405699451,0
29,0.1254362511614967,0.9841880929796787,0.47685114942228346,0.951693894831656,0
28,0.18061103141277124,1.0089683931586553,0.441944080562825,0.9108807774584713,0
18,0.064042334037879,0.997888697611723,0.42038461418546447,0.9868743032907695,0
28,0.08875720090959607,0.9934999741917654,0.45505964015900185,1.044194064956941,0
22,0.1705466189873135,0.9990141186771574,0.45056548868834545,1.0708214423256557,0
29,0.14765683169566227,1.0028712416520182,0.43162687876078687,1.0361503525206102,0
22,0.10542798528882616,0.9996677000935554,0.44375649428182384,0.9871462488561069,0
18,0.07256375461295193,1.0009284490114112,0.454795691759922,0.8972324859074041,0
44,0.10669125758927495,1.0693891440105348,0.4628158308561506,1.1353772690156196,1
36,0.040318158412176,1.0091915417361,0.4800174695412894,0.9329379790923356,0
34,0.08749767427005237,1.0028869362927986,0.45780965516313665,0.9865691258529452,0
32,0.13967443602761065,0.9825146802676182,0.4891302072863446,0.8337508011964325,0
33,0.15633525684137917,0.989090335697848,0.4376755713613625,0.8894295331514064,0
26,0.08459828579071293,1.0077966053226934,0.48930926238358824,1.1395683810789956,0
25,0.08953890631277361,0.9831656180777905,0.42582389800511433,1.0964851633097457,0
36,0.0382825564060039,0.9940753574084711,0.4492078272912322,1.0280161158819607,0
23,0.12120305222320449,0.9952616065292909,0.44956643187365164,1.05462842480037,0
28,0.07818070547367158,0.9989039019607417,0.44734911122383997,0.9629988970117872,0
26,0.17993235852523587,1.0056091944794123,0.4411355904591252,1.0696954404510737,0
26,0.1586562318793321,1.0036964219219808,0.44678093567987315,1.0447716925810278,0
20,0.04366162655450974,0.9880607499360095,0.4542882928429112,1.1732514999485093,0
49,0.18190255507203784,1.0600168894988893,0.39596826797541784,1.1457326200265978,1
24,0.0689576200874442,0.9983185618141521,0.43583728266908617,0.8020700189624212,0
31,0.04636284871300968,1.0023924686411114,0.5122224800924993,0.9080615408413577,0
18,0.08569978890599446,1.0110095963499857,0.5087504236266178,0.8770450405547583,0
30,0.07673447716099734,0.9989405164569587,0.529330300410511,0.8497029671604847,0
29,0.12338465858827166,1.0108578632493934,0.45293949460412686,1.0308050539504103,0
26,0.11345634706225538,0.9965680772450259,0.4686471566956815,0.9630389663956366,0
29,0.09853685931575108,1.0112605025077217,0.4484581882923454,0.8226967531793119,0
44,0.10471338495686905,1.0369246732270236,0.43213016117869524,1.3374438093170817,1
27,0.30688742668299973,1.071121136181321,0.4566971674238748,1.1945105999383714,1
29,0.12605612141896694,1.0064521558595005,0.4666681339801035,1.0089580681255248,0
27,0.09243633581732442,0.9980509171964732,0.48401310290601196,1.0593556722280861,0
18,0.13279503882648805,1.0019473619471877,0.4494387373066231,0.9611481546911114,0
33,0.1473763231061429,0.9922712233217639,0.4622115686137361,0.9028343265458714,0
21,0.06866413877050175,1.0086239347238275,0.4785937513612826,1.0513085420097292,0
31,0.12580891435574793,0.9935851840477705,0.4629576763402182,1.0800409525227683,0
31,0.15944566857373216,1.0070830384720106,0.4605434462262475,1.1070150238316427,0
27,0.05590626743861411,0.9983693303605624,0.4276529206558065,0.9324821725025618,0
27,0.06037900395000194,0.9969203847036096,0.39319155999138644,1.021329370737294,0
38,0.10914556844659046,1.0631849133686482,0.4781271041287968,1.0392440135631025,1
24,0.06154288251063509,0.9906009689889114,0.4748842452579525,0.9806173861227196,0
26,0.01,1.0063541803020923,0.41282224815439583,1.0059932630266328,0
29,0.16803292979193257,0.9869117960088089,0.35941463532537526,1.0183849544753696,0
37,0.16194731764697187,1.0020965941527462,0.4352509144310386,1.080712259663731,0
23,0.12381788846781097,1.0050547015916662,0.4818062972249664,1.2759660038911078,0
29,0.07455181871462507,0.9997442568780801,0.39692772285332645,0.9305286868910941,0
25,0.07379558010327038,1.0015235487203373,0.425327402028534,1.1121030667324472,0
28,0.09953498394306928,0.9967210528348708,0.4546557205157694,1.0825098264667634,0
23,0.06709417554623717,0.9969627397122334,0.40962387229580355,0.9180742140278502,0
25,0.14371945903563638,1.0026256132900193,0.45580769734102633,1.0850897962167971,0
27,0.11952324249644448,0.9989677824706751,0.45796087048198886,0.9417241342388418,0
25,0.14328604189068478,1.0784549627219988,0.4777864620672478,1.296539748459117,1
34,0.10443287954807187,1.001973157074056,0.43147044313696953,0.968392714397295,0
31,0.16019422185844082,0.99860553724319,0.43649432205445765,1.0000527958856598,0
31,0.027807259193322914,0.9770381904686276,0.4334838945152525,0.8779287574085841,0
25,0.09261098405912643,0.9954675159097699,0.49357402603412237,1.032674476460232,0
29,0.1311103572021701,0.9886116688221923,0.48117335362260805,0.992423571346454,0
31,0.04640713834799223,0.9844624123398393,0.47453668974075086,1.0376409526097516,0
23,0.056516845936265284,1.0112543478441478,0.4143176432139802,1.1642672953255964,0
23,0.13191959628041916,0.9967138152425101,0.4680956229324703,0.9455885997885808,0
27,0.10204595876978606,0.9899781254421852,0.47222473036260376,0.9486786433528415,0
26,0.05028253126957439,0.9743766634120469,0.44426916712199493,1.2412615421612916,0
31,0.09903698101328028,0.9973710917079173,0.4506739767843614,1.054711911517521,0
22,0.15571608473344362,1.0071538131544124,0.47154557177123807,1.0438475738809727,0
28,0.133643061798341,1.0059181413374139,0.4393787786717693,0.9426398227103099,0
28,0.17745100757475937,0.987608929243461,0.4059742420274268,1.0164760841236518,0
38,0.1586670832185204,1.05487906395817,0.44330393236095583,1.348986343860208,1
19,0.058575148760987704,0.9989674523985095,0.400704335665375,0.9824145595567929,0
36,0.10104432441479809,1.0023070090571868,0.4121950570448226,0.9383638591960523,0
26,0.0841142451621883,1.0128164379500377,0.46673073182175373,0.8888542043062968,0
29,0.12491108742483926,1.0114014903852127,0.4974162205970512,0.8984905808172131,0
23,0.03712110705426919,0.9976598014089302,0.46399075123339006,1.0987334516589102,0
27,0.08400762383725781,1.0015175799224874,0.42494571295109934,1.2089538721694773,0
29,0.15923702894478622,1.0904721243845927,0.45020399533679994,1.1809960964998505,1
26,0.09098041591187961,1.0137284847467654,0.3836441426601148,1.1533433701296325,0
20,0.08666738353827927,0.9957075557970134,0.4676565980931216,0.8401875648116253,0
30,0.20121548116434262,0.9863682599540718,0.4556911850283119,0.933801782220339,0
30,0.1009573888707876,0.9935851309095569,0.4646361685461322,1.1804348109786744,0
27,0.1359878971074091,0.9870672704212884,0.4213069086954597,1.0472406277880377,0
45,0.167780667439283,1.043738839389537,0.4499787421627006,1.0749592266030281,1
31,0.14411665311617047,0.9954790966716692,0.435898735567215,1.0265878229652048,0
35,0.14669336926870888,1.0919944357833304,0.4425892289776201,1.1641659847978778,1
34,0.18720959857499683,1.046375516535638,0.4305188088503572,1.3321304032273011,1
35,0.06997882171306474,0.9813346004863939,0.48022541069510766,0.9315370174239996,0
31,0.01,1.0089259733829932,0.41366484212157656,1.0730764119066525,0
28,0.05230302903016776,0.9959296368707322,0.47058955370870104,1.0105894453115234,0
30,0.1988220292257743,0.9843575838828895,0.49851637724905873,1.0104355937523213,0
23,0.03348431871305051,0.9981087960922297,0.4776495033577338,0.9872450879622465,0
35,0.027441215497422053,0.9998791105215394,0.41242819666760644,1.0363631882624968,0
32,0.07896191031594735,0.9739578614337286,0.45596844440389483,1.0436738551733509,0
30,0.1617891095911077,0.9892894632035095,0.47040648316351347,1.1192507512477974,0
29,0.16598259129594886,1.0399164033798467,0.44755431980695065,1.2347676483538337,1
25,0.06621459604191941,1.0003415241748803,0.41738262183411595,0.8914174871114815,0
41,0.09256029824206718,1.0633262500181844,0.46387773878561855,1.0274193271209402,1
24,0.15970547015236863,0.9901883446886032,0.4360678721307184,1.0462060893251897,0
31,0.08742305569777523,0.9940248980530836,0.49267109585095525,1.173889966379758,0
32,0.1042659071282512,0.9919173427835908,0.42508666780330306,1.0522514105265757,0
30,0.1700799296473215,1.0065045009253615,0.40490759094720546,1.105194761772292,0
33,0.1308014364023824,1.055004004125034,0.5098700246935189,1.510991855600536,1
31,0.09084016906398061,1.0053450564848054,0.4766296627762151,0.9679332374442808,0
46,0.1615035379595701,1.059954861781828,0.46997772756163386,1.2421586610614455,1
32,0.06913734067265384,0.9944169824605397,0.41699537301084916,1.0439501230620227,0
31,0.1228886433075943,1.0167449243334754,0.44983211943512863,1.0668741655592513,0
22,0.08064501487627995,1.0069553775756577,0.47547306332229433,0.9706033052335817,0
37,0.07410631266595952,1.0428594159838678,0.4767114949055936,1.2575205016106565,1
40,0.152488684359048,1.0501412631725635,0.4301903658157966,1.2698828420202535,1
30,0.12460094239963997,0.9947396515733242,0.38539971240386267,1.1097152711753695,0
25,0.05686121179784397,1.00693478911914,0.4382396208024261,1.1059936384046622,0
31,0.13417846616002388,0.9863404428879946,0.48635831956159203,1.0261250531233856,0
26,0.10716942336711256,0.9822376476710168,0.46225958434442016,0.8970628491817928,0
31,0.07388204068910544,1.0722537674997985,0.4311220981892164,1.3533727709916499,1
35,0.06463210212035266,1.0276695112010268,0.48707434860020815,1.184410182206333,1
25,0.10800091129263939,1.0050178273616754,0.48352196447707385,1.1448499229892926,0
26,0.03369761569589809,0.9958653483887673,0.4578084151974866,0.903624107378939,0
23,0.11718939407749428,0.9995134764842954,0.4509839098623476,0.9241504665299931,0
26,0.053788342786584786,1.0089019841112479,0.48105748004171256,0.8153812137761907,0
33,0.07517353724549604,1.0369995213118621,0.4474968609062892,1.055035478030147,1
23,0.04980213139592508,1.0020726732939895,0.4520803301110875,0.9278262446662746,0
38,0.12266599577063672,1.044566897793479,0.5002035627089562,1.3340461051790347,1
21,0.14148662089395875,1.0081139655449158,0.4155521013374215,1.081877764375486,0
45,0.0938727596877793,1.0316499435797148,0.4805298440053051,1.2271495310825649,1
30,0.11702946082002484,1.0039069592092815,0.4102058361506675,1.104731770662145,0
33,0.08853046279659862,0.9995652305018614,0.4040667749233283,1.0514254756017836,0
40,0.14689044915003444,1.07248706719741,0.4399776830706018,1.25646059258936,1
22,0.0988223924562881,0.9982564574209717,0.4567592376612283,0.9630473071166641,0
27,0.14130235857207532,0.9956323576276178,0.4018026869778396,1.174958390420542,0
44,0.08538686524471906,1.063794156104904,0.4349107568834597,1.226348721533106,1
39,0.1382796099841839,1.034324686688272,0.42928376843051225,1.1083808084518756,1
23,0.09664108549753224,0.9928424001088925,0.4704615619713786,1.1487246155335926,0
25,0.11197022502676886,1.0049968511030294,0.46416006812757826,1.0075955267916088,0
31,0.12411244763403287,0.987623375776727,0.47607468193167823,1.0887290837266743,0
24,0.10189689177238011,1.0068332899281107,0.44372058541261916,1.1072978047766011,0
39,0.060700698368250885,0.9861895539684622,0.45911455786814626,1.0721562505126143,0
26,0.17266303316605172,0.9866139420027675,0.47078755869094835,0.9394139179241107,0
36,0.19962576765840592,0.9923334341221666,0.43351328592274263,1.0859587886979802,0
26,0.09772943910338809,1.000253884205424,0.3924098053140703,0.9986162253905763,0
24,0.07534385888001141,1.0144363200346882,0.41230479317162233,1.0813205186747976,0
26,0.08601199157520828,1.0079037189605171,0.4602015388370667,1.057061299721953,0
32,0.08343458084083387,0.9938776326549225,0.41744548420326605,0.9174589470021045,0
42,0.16223397903683934,0.9864892563379198,0.4103262612976929,1.0481866061718492,0
30,0.12744419176586824,0.997450442064463,0.446236372199913,1.0327879524159358,0
28,0.01,0.9977020036942481,0.4244578069721906,1.0175211418908512,0
50,0.16837408327371522,1.043729406276552,0.4776540450593176,1.2482687887209212,1
30,0.13034252966078355,1.0205654356482954,0.4160733469402225,1.0473632076811454,0
23,0.12777563231711242,0.990813134885139,0.4374789955918475,0.9704910085762094,0
32,0.1459227221971207,0.9875428262355361,0.4516480233299955,0.9290420145250827,0
21,0.08914914747878148,0.9969151721154418,0.5228014945903656,1.0432959825360697,0
21,0.07176129979145289,1.010213832954294,0.5126532831860977,0.8414016687762041,0
18,0.1935482587685891,1.0038961417737091,0.423951218043709,1.0534629086122436,0
18,0.10016877532985806,1.003278211728431,0.4777281041861349,0.8986104047707462,0
28,0.05372876869702064,1.002553837556743,0.4231396103291093,0.959189916083978,0
23,0.13255681209118286,1.0085845111665666,0.4429613829012776,1.0038237994960029,0
30,0.13501616759966065,1.048995907659165,0.5286237927308992,1.0888032974225836,1
35,0.1498429386732904,1.0028063640449014,0.502758614525854,1.0372105472606863,0
29,0.09734396734912273,1.0122356888241864,0.4828940770143265,0.9374322712503788,0
21,0.08985096813021715,0.9919996143560236,0.44809426276153935,1.123743813468414,0
35,0.14785883093442126,1.051160454696168,0.47545292646615855,0.9753110666015394,1
24,0.11056418461397365,1.0120007895642686,0.43524292657481384,0.8123447293958126,0
31,0.06823188055871854,0.9881033334090964,0.43126963830860326,0.9815474642344151,0
34,0.03972169714504653,1.0679413239377427,0.4882462512383617,1.2651521991339505,1
32,0.13992542330262409,1.049869573695411,0.4679638316868573,1.266834048871808,1
34,0.15409977782067802,1.059145608092305,0.493674669664403,1.2704506539824723,1
31,0.10419133139646805,1.014104591452035,0.4622928838787849,0.913891208982643,0
35,0.1348951636269514,0.9955695597887152,0.4356152109780227,1.0296575545140763,0
30,0.10986461328156033,1.003113086734429,0.5009987212372914,1.1071543152234886,0
28,0.14706552903837417,0.9896747609647246,0.4619378114984043,1.180930634973311,0
26,0.057618303569045765,0.9934791111140694,0.4173110088797284,0.9215238091872296,0
26,0.029721649041067902,1.000156183339496,0.47706831521359944,0.909224381985308,0
45,0.17553960442637973,1.070611611712481,0.4302649633844359,1.2854525227066615,1
22,0.14451237504182546,1.0017183933979352,0.4665975365995435,0.8824405394375148,0
23,0.12986141091266926,0.990516519957758,0.4638961887629737,0.8632862193539754,0
32,0.03837383426157455,1.0055229993767951,0.46876892800938,0.9303228181570425,0
30,0.1130221131666778,0.9946115814380726,0.4197433594777138,0.8037374308327421,0
29,0.021759861431897246,1.000953441994413,0.4420965535175325,1.0679142775438195,0
26,0.08352761068264544,1.007318707042883,0.46005174087252354,1.0316155957182778,0
30,0.023221393839644708,1.0075678867998699,0.4683740638204081,0.8983316871423502,0
26,0.09803463561861844,0.9986550321559827,0.460015798997056,1.1431366781831183,0
33,0.034389040328429696,1.0062206999030605,0.4898679995860623,1.0386808520689204,0
33,0.20061352228503826,1.0102370954610698,0.45747925786925187,1.1045088474084754,0
38,0.15119515216424778,1.0429717152857254,0.4969024007649633,1.1181571334057998,1
35,0.12499320618701858,0.9860069382519806,0.46102947878974265,0.7899973492348376,0
31,0.14426157414944957,0.9940764404434794,0.45370643087866747,1.1954157433750288,0
35,0.09705462064716996,1.079633268049252,0.5088776157159238,1.2003695671847847,1
33,0.16707379577654408,0.9925751576746161,0.43544082493896397,1.1230874513154734,0
46,0.17814404300871772,1.032403712929959,0.5096118333509833,1.1469029102188035,1
26,0.11711689172448109,1.0155416042071477,0.4756192792965667,1.041486550036191,0
40,0.1521757334321733,1.0611627902903702,0.37411319766917095,1.1703392540930202,1
29,0.04244929581902465,1.0038632331781157,0.4438658633704164,1.175547569831549,0
45,0.12670972154409185,1.046983245768666,0.44778157303174826,1.1548340523840377,1
28,0.062085896555620496,0.9886938466506248,0.46868133671700807,1.062952958422181,0
33,0.19476777153812996,1.0373684454166934,0.45759495714113946,1.2820344012612455,1
27,0.12273704560705673,0.9948357035611243,0.4441060024971571,0.9794140569119659,0
24,0.0911612918442109,0.9845138170113625,0.43526538758573685,0.9715124506630329,0
36,0.13792512770646106,1.0487647160027975,0.4643832455425819,1.2874517074132523,1
24,0.03983995723054278,0.989579555877569,0.4353839123641522,0.9648078682183491,0
24,0.03519416678750528,0.9954387917252581,0.45544279860341913,1.0595029465835564,0
25,0.0793501088928283,0.9907330169115269,0.4490568248887567,0.9151571365809186,0
30,0.010706675403294438,0.9964037032754753,0.45903322017575227,1.0183834516322505,0
41,0.11749000122839538,0.9899594540315799,0.4471360725873278,0.8223753666533549,0
27,0.05834719714996207,1.0091539027556016,0.43351379176213395,0.9883234084204753,0
34,0.23694256759266658,1.0435751446776418,0.504976711304376,1.2814151762118267,1
30,0.118436657365876,1.0039379729821625,0.39216982261963174,0.9721116605849244,0
32,0.09755514082629473,0.9859481015319642,0.4484278664826759,1.1704105516255492,0
44,0.1468997995316984,1.0690289855411619,0.4390047893889585,1.029612841317328,1
33,0.22814443842540988,1.044520138363414,0.44269848061874945,1.170016180372512,1
37,0.18129794576810318,1.0221878023344813,0.44522864368799847,1.0295624488747095,0
20,0.17384672130591372,0.9883222044873207,0.4565032669128789,0.8902697472367156,0
25,0.058136878447514986,0.9939212473932418,0.43382631890553064,0.9451731205074922,0
32,0.044756860346874,1.0022054142701387,0.4865387745691668,0.9486803635486604,0
24,0.08847376874098746,1.0117972520836072,0.4558232289286007,0.9468785705392402,0
30,0.044885392508178835,1.0068135951044295,0.46225821923105304,0.9692191528861116,0
23,0.05566595388582714,1.005348173363459,0.48686941507467185,0.9362692252971205,0
30,0.01,0.994153822693428,0.44906823201387297,0.9090316583018166,0
33,0.11661102217655568,1.0558438545665274,0.44438012944780875,0.9761768766675027,1
27,0.11965674110714122,1.059153731721071,0.36757485471824297,1.1500269823848368,1
