patient_id,age,base_incidence_pct,app_overexpression_score,apoe_risk_multiplier,methylation_risk,cfdna_modifier,composite_risk_pct,risk_level,genetic_multiplier
DS_001,28,2.0,0.211,5.0,0.285,1.275,15.0,Low,5.886
DS_002,32,3.2,0.201,1.0,0.343,1.175,4.5,Low,1.192
DS_003,42,40.0,0.218,1.0,0.578,1.262,64.4,High,1.276
DS_004,52,80.2,0.292,2.5,0.534,1.131,100.0,Very High,3.24
DS_005,28,2.0,0.214,2.5,0.303,1.196,7.1,Low,2.961
DS_006,30,2.0,0.224,5.0,0.218,1.188,13.8,Low,5.805
DS_007,48,67.0,0.237,5.0,0.52,1.229,100.0,Very High,6.327
DS_008,44,50.0,0.266,1.0,0.353,1.167,71.4,High,1.224
DS_009,39,25.0,0.219,1.0,0.518,1.29,40.5,Moderate,1.257
DS_010,41,35.0,0.218,1.0,0.664,1.252,57.1,High,1.304
DS_011,57,90.8,0.27,1.0,0.301,1.219,100.0,Very High,1.208
DS_012,54,85.4,0.258,1.0,0.391,1.218,100.0,Very High,1.233
DS_013,54,85.4,0.253,1.0,0.328,1.251,100.0,Very High,1.209
DS_014,41,35.0,0.238,5.0,0.525,1.149,100.0,Very High,6.338
DS_015,26,2.0,0.306,1.0,0.399,1.277,3.2,Low,1.257
DS_016,54,85.4,0.237,2.5,0.419,1.247,100.0,Very High,3.082
DS_017,28,2.0,0.28,2.5,0.782,1.163,8.0,Low,3.432
DS_018,59,93.6,0.243,1.0,0.288,1.109,100.0,Very High,1.192
DS_019,53,82.8,0.269,1.0,0.624,1.255,100.0,Very High,1.315
DS_020,29,2.0,0.256,2.5,0.401,1.175,7.3,Low,3.087
DS_021,39,25.0,0.225,5.0,0.786,1.169,100.0,Very High,6.736
DS_022,52,80.2,0.268,5.0,0.703,1.201,100.0,Very High,6.704
DS_023,57,90.8,0.267,1.0,0.532,1.192,100.0,Very High,1.283
DS_024,33,3.8,0.247,1.0,0.583,1.084,5.3,Low,1.291
DS_025,36,10.0,0.213,1.0,0.255,1.128,13.2,Low,1.168
DS_026,41,35.0,0.299,1.0,0.333,1.259,54.3,High,1.231
DS_027,52,80.2,0.242,1.0,0.742,1.173,100.0,Very High,1.341
DS_028,29,2.0,0.185,1.0,0.616,1.219,3.1,Low,1.273
DS_029,44,50.0,0.196,1.0,0.345,1.158,68.9,High,1.19
DS_030,48,67.0,0.251,1.0,0.45,1.181,98.8,Very High,1.249
DS_031,47,63.0,0.257,1.0,0.775,1.309,100.0,Very High,1.359
DS_032,31,2.6,0.263,1.0,0.738,1.105,3.9,Low,1.35
DS_033,52,80.2,0.215,1.0,0.451,1.09,100.0,Very High,1.233
DS_034,46,59.0,0.242,2.5,0.225,1.119,100.0,Very High,2.927
DS_035,41,35.0,0.281,5.0,0.508,1.433,100.0,Very High,6.411
DS_036,40,30.0,0.213,0.7,0.516,1.221,32.1,Moderate,0.877
DS_037,58,92.2,0.234,1.0,0.537,1.189,100.0,Very High,1.27
DS_038,37,15.0,0.256,5.0,0.716,1.117,100.0,Very High,6.696
DS_039,36,10.0,0.232,1.0,0.631,1.222,15.9,Low,1.3
DS_040,50,75.0,0.255,5.0,0.735,1.16,100.0,Very High,6.725
DS_041,59,93.6,0.214,1.0,0.467,1.37,100.0,Very High,1.238
DS_042,35,5.0,0.281,5.0,0.61,1.275,41.9,Moderate,6.581
DS_043,47,63.0,0.244,1.0,0.646,1.148,94.7,Very High,1.31
DS_044,31,2.6,0.233,1.0,0.539,1.098,3.6,Low,1.27
DS_045,30,2.0,0.309,0.7,0.266,1.191,2.0,Low,0.849
DS_046,29,2.0,0.299,2.5,0.337,1.167,7.2,Low,3.082
DS_047,39,25.0,0.266,1.0,0.352,1.215,37.1,Moderate,1.223
DS_048,25,2.0,0.199,0.7,0.726,1.338,2.5,Low,0.92
DS_049,56,89.4,0.236,1.0,0.44,1.111,100.0,Very High,1.239
DS_050,34,4.4,0.274,1.0,0.217,1.2,6.2,Low,1.182
DS_051,40,30.0,0.263,1.0,0.662,1.207,48.0,Moderate,1.325
DS_052,25,2.0,0.173,5.0,0.496,1.133,13.9,Low,6.142
DS_053,51,77.6,0.217,2.5,0.318,1.273,100.0,Very High,2.976
DS_054,27,2.0,0.251,5.0,0.726,1.239,16.6,Low,6.701
DS_055,27,2.0,0.238,1.0,0.507,1.243,3.1,Low,1.262
DS_056,35,5.0,0.244,0.7,0.245,1.182,4.9,Low,0.825
DS_057,45,55.0,0.257,2.5,0.736,1.207,100.0,Very High,3.365
DS_058,51,77.6,0.344,1.0,0.442,1.132,100.0,Very High,1.289
DS_059,50,75.0,0.195,5.0,0.329,1.225,100.0,Very High,5.922
DS_060,48,67.0,0.223,1.0,0.322,1.028,82.3,Very High,1.194
DS_061,36,10.0,0.21,2.5,0.279,1.377,40.4,Moderate,2.937
DS_062,35,5.0,0.217,1.0,0.409,1.059,6.5,Low,1.22
DS_063,34,4.4,0.33,1.0,0.658,1.112,6.6,Low,1.355
DS_064,54,85.4,0.359,5.0,0.76,1.171,100.0,Very High,7.022
DS_065,37,15.0,0.315,1.0,0.614,1.18,23.6,Moderate,1.333
DS_066,57,90.8,0.266,0.7,0.629,1.189,99.4,Very High,0.921
DS_067,40,30.0,0.241,1.0,0.767,1.219,49.3,Moderate,1.349
DS_068,54,85.4,0.268,1.0,0.392,1.212,100.0,Very High,1.237
DS_069,53,82.8,0.252,1.0,0.275,1.142,100.0,Very High,1.192
DS_070,43,45.0,0.246,1.0,0.65,1.326,78.3,Very High,1.313
DS_071,58,92.2,0.221,1.0,0.576,1.221,100.0,Very High,1.277
DS_072,56,89.4,0.295,1.0,0.769,1.238,100.0,Very High,1.376
DS_073,49,71.0,0.285,1.0,0.258,1.111,94.7,Very High,1.2
DS_074,36,10.0,0.26,5.0,0.415,1.177,73.0,High,6.207
DS_075,50,75.0,0.241,1.0,0.491,1.318,100.0,Very High,1.258
DS_076,54,85.4,0.241,1.0,0.416,1.224,100.0,Very High,1.233
DS_077,27,2.0,0.184,1.0,0.55,1.338,3.3,Low,1.251
DS_078,36,10.0,0.282,1.0,0.604,1.195,15.7,Low,1.315
DS_079,31,2.6,0.237,5.0,0.231,1.247,19.0,Low,5.854
DS_080,54,85.4,0.294,1.0,0.479,1.34,100.0,Very High,1.278
DS_081,42,40.0,0.281,2.5,0.48,1.205,100.0,Very High,3.182
DS_082,27,2.0,0.287,1.0,0.679,1.263,3.4,Low,1.342
DS_083,42,40.0,0.253,0.7,0.431,1.26,43.9,Moderate,0.87
DS_084,46,59.0,0.277,5.0,0.238,1.195,100.0,Very High,5.951
DS_085,58,92.2,0.231,0.7,0.444,1.251,99.9,Very High,0.866
DS_086,59,93.6,0.212,5.0,0.648,1.103,100.0,Very High,6.478
DS_087,26,2.0,0.262,1.0,0.461,1.249,3.1,Low,1.257
DS_088,41,35.0,0.261,1.0,0.342,1.233,52.6,High,1.218
DS_089,43,45.0,0.173,1.0,0.241,1.247,64.3,High,1.146
DS_090,52,80.2,0.305,1.0,0.405,1.268,100.0,Very High,1.258
DS_091,57,90.8,0.281,5.0,0.6,1.219,100.0,Very High,6.562
DS_092,53,82.8,0.26,5.0,0.581,1.188,100.0,Very High,6.482
DS_093,35,5.0,0.264,1.0,0.238,1.115,6.6,Low,1.185
DS_094,50,75.0,0.306,1.0,0.468,1.134,100.0,Very High,1.28
DS_095,37,15.0,0.282,5.0,0.574,1.306,100.0,Very High,6.521
DS_096,25,2.0,0.282,5.0,0.729,1.386,18.8,Low,6.78
DS_097,55,88.0,0.175,2.5,0.447,1.163,100.0,Very High,3.034
DS_098,44,50.0,0.299,1.0,0.305,1.1,67.2,High,1.222
DS_099,58,92.2,0.22,1.0,0.619,1.242,100.0,Very High,1.29
DS_100,50,75.0,0.197,5.0,0.202,1.204,100.0,Very High,5.721
