APP_Expr,DYRK1A_Expr,RCAN1_Expr,Alzheimer_Risk,Cardiac_Defect_Risk,Cognitive_Defect_Risk,Leukemia_Risk,Thyroid_Risk
2.996714153011233,2.540942038025313,3.2594198929274016,74.25193805625482,61.812506483676124,72.45740815753022,5.4609622106130455,29.445127299617155
2.361735698828815,3.3275333123761044,2.832170314621492,65.9454400245506,55.92081293885226,78.75736682663546,10.69807494610249,14.981492432389576
3.1476885381006925,0.681145940944687,2.0536673329281565,49.935793063845715,37.111247053563325,31.16121737055751,12.931972332891778,20.36178167199986
4.023029856408026,2.250375389352457,1.4177569000649834,82.83232945259019,26.815330353104468,40.95640380047053,24.43843828670095,20.409583215048684
2.265846625276664,1.2794859447025386,2.6284009822522307,45.931635713550705,43.09994631027568,41.46889049066824,17.78276562266879,15.985726457507745
2.2658630430508193,1.4102996929882432,2.3541368468795745,45.82480232900834,48.14920547445618,41.04618582851903,8.322592154500544,9.020275616927194
4.0792128155073915,1.3260848606089046,2.805673898024959,77.93097807598349,56.1195053373103,64.32657723015,17.430181447088184,22.583796028941347
3.267434729152909,1.1088073842561472,2.5716546215137726,64.87612082270766,47.3476492749345,50.388941972922964,7.263480055308173,19.51196822515693
2.030525614065048,1.8388173023558616,2.9445974437874014,49.28809166599357,62.18817721791005,50.645605122679044,20.413455269435367,24.00192375549256
3.0425600435859645,1.1352399068711698,1.5182883095954889,64.37845012777747,35.05361688004257,25.230048813882057,12.644376740910607,15.731197548486666
2.0365823071875377,2.016365460623871,3.1856546590708934,45.00394364338425,55.675293859572996,64.83357174492963,14.531819056304146,29.766570390504384
2.034270246429743,1.7598095124406905,2.17783964422316,47.14385152445446,39.74316899163212,49.98811386685604,21.62898323771095,12.985809750305242
2.741962271566034,1.6088415625068722,3.867734785362739,53.63373809554521,73.50898395831828,68.46333535102215,8.56418215707875,33.69632227214314
0.5867197553422021,1.0739490703667216,1.3797309637193889,10.207603948434947,22.895103768843455,28.169381441264832,8.014409074435044,6.018907921373907
0.7750821674869672,1.3385829355453338,3.5623674228487245,24.59865843854435,75.39472266663323,58.1841330007142,12.082003368269977,23.47816051645513
1.9377124707590272,2.404312980660605,2.178119705116383,52.500079326075046,42.59326340846365,56.62858985012065,20.191894255096585,23.803445460212988
1.4871688796655762,2.200733750099505,1.4137237967469964,51.882119412189354,26.951901728386876,43.80295559362467,7.403269622615788,13.635543456472941
2.814247332595274,1.0179558041611592,1.5645027493511106,55.54732645331459,21.270743164988442,19.89300077840956,0.8392220094471554,23.3951515028881
1.5919759244787892,1.8794658443433807,1.7116874226251118,37.55336318896962,37.41083860354836,41.94484105074594,12.744205707955006,30.23614935808127
1.0876962986647085,2.4011096986974314,2.3817493517617248,49.597004298615886,41.438695060967135,53.13727643420831,17.7587039995546,2.2654492851674846
3.965648768921554,0.4644757751029025,2.4705519392319495,70.23465776247909,49.71070193597063,36.09638966656078,21.001308748694147,24.021958459926516
2.274223699513464,2.234688153903948,1.4836699964552789,59.37072554908452,31.060284618896535,59.54659281732778,12.684193189573005,0.05383343735937984
2.5675282046879238,1.2699009928433227,1.9780808669651155,50.07951250450292,46.36491031849556,40.81319064507278,12.942866964419988,12.274681571814336
1.0752518137865432,2.2564789348745276,3.9280433227506775,33.896370371926025,72.016764459418,72.64661866064046,20.769503671278734,33.03333091920756
1.9556172754748173,1.1893926747659864,3.55478885309064,39.36715199942686,55.99821628270868,61.53918584416578,5.651291501522897,15.345743732863568
2.6109225897098662,0.35609431946838477,2.3926913027066288,48.16852513885277,48.77307377790105,35.398866902146224,13.057396124084953,10.60896028472822
1.3490064225776972,0.4979660496934699,2.03420313035138,34.6376883652732,49.686618514581866,32.48650261279741,15.95211944962529,18.416498168122544
2.875698018345672,1.8384679573291056,2.1080281940464354,69.23636748983708,48.355295645625894,50.39220678258485,17.24609360642517,36.54325070530842
1.899361310081195,2.0077780013771855,2.552166175457375,46.12395255605841,52.09162058552063,65.00204794616243,12.450966534045588,5.346542022351791
2.208306250206723,1.0765466999164732,1.079486691321435,38.29197358582053,19.131552898268463,20.217958518225316,15.172205058529206,11.589520706885244
1.898293387770603,2.310873967021899,1.7683611163189894,52.287571721334054,39.40283530956634,51.318981384147925,2.5583632329350525,31.97945346543701
4.352278184508938,0.4707839501848321,0.49827433351016936,61.149815441668146,5.0977556716810435,6.996793754432327,11.70875793833076,34.86161874830186
2.486502775262066,1.7471361610821468,2.3593008103447515,56.38474181067636,49.56780505367613,52.05480688883402,17.26754356277234,19.17255020567773
1.4422890710440996,0.8311870401900346,2.582476345732467,29.208193536068496,54.17687771048247,36.37052807363955,10.088529828726603,10.08757837978686
3.322544912103189,1.2785311137582727,1.5651321839305634,60.293302309789354,36.60369321610567,32.037125504240606,15.294921107947987,36.76674801447327
1.2791563500289778,1.8379189370531313,3.4165880869610294,29.593019284632003,82.13006193377598,61.5786347169804,17.23436250401349,32.75553913399357
2.7088635950047553,1.1116693077728381,0.8968109032978928,54.31764753564829,19.89829790185169,28.980846129572313,13.287253995711175,25.431575902097862
0.5403298761202244,1.4923555646161397,0.6820626078111618,20.364999589655206,11.096434027685742,30.68529028883969,15.852318854982855,13.50078120850064
1.1718139511015695,2.6050342473715524,2.202006636703975,37.77796756168763,43.91226117311952,51.45590372667441,10.186337173576938,19.607765273295705
2.6968612358691235,1.338486504381481,2.942388472350939,39.47647251544342,50.00238992257319,51.64517027578829,13.966943601519766,18.717119351641355
3.2384665799954107,2.4685536896521136,3.5155349223120815,73.12496107119911,66.83713279079635,68.26116406982447,18.051080847946114,22.64681043692462
2.6713682811899706,0.8962345162739055,1.587004163417954,57.894127363937336,29.69367107779356,23.50633960292564,15.78486480484217,31.60801150505069
2.3843517176117595,2.223843342332226,2.9708127500881663,66.310005260238,56.79581301209036,61.25078785692286,12.067343652180323,27.035336329099223
2.1988963044107113,2.95325489652632,1.9653423774493635,60.230512248492516,40.06862190915588,57.4807533454291,16.121082021453965,11.380991384121934
1.0214780096325726,-0.17731560010183145,1.8446354300532624,10.537953841661373,32.78060893915424,32.141420391144784,18.57304895318309,31.0119716001563
1.7801557916052912,1.1624837956236185,2.795293943738005,40.671046110690675,61.511032211382464,49.65813199914296,4.75029360711261,22.505057120105242
2.0393612290402126,2.261657701744432,2.587090590572078,48.215068257106054,51.742847136032545,51.29689200402693,20.79537032477949,25.49652636687133
3.5571222262189157,1.637563691165606,0.5812470587141756,71.24142980403712,11.57843956859044,23.801858977702665,13.318726306594641,31.732326874228825
2.8436182895684614,2.096916698697047,3.3288863147533063,67.45384272242084,64.93825271250154,70.21655263855124,17.12744966620115,11.10735800389159
0.736959844637266,1.3168118506273436,3.2420822187327065,30.357182295253967,65.61759779394902,65.14894269667022,20.98623461822614,19.713395370348298
2.824083969394795,1.86927182997832,1.4369935686414235,60.553207458305366,32.86536269616664,31.745268222247127,8.14163151384767,15.74836358912628
2.1149177195836835,1.6754582116863364,2.356223180093668,47.459979159733784,42.78881252331885,38.98055477566483,11.452794987862267,7.457124597076353
1.8230779996940414,2.734225649327846,2.444627167654465,50.29851355490628,45.60196090771302,71.50105968064665,13.557256520621475,22.77367982083936
3.1116762888408678,2.0035366746409706,2.2346063892415162,62.57610930882342,43.173497640947005,52.805787653444355,11.081232394377858,40.092452412675385
3.530999522495951,2.070082129660162,1.5047253615391218,72.53341967453325,23.365152613416363,38.556226235009575,23.67468287918404,5.279378043953978
3.431280119116199,1.470498427102026,1.3955389688557536,68.01101359184415,23.814490078507582,37.065594182105535,10.716139530866037,19.74175511160424
1.6607824767773613,1.4099150207420053,1.9770013361076992,43.57881049024672,37.158922354430686,27.46425758711206,12.222266102565667,25.12434348059819
2.1907876241487854,1.4539534497443034,3.0554561173334283,43.385454106273095,65.4810682502322,54.12979233791859,16.021945158014884,20.98462561324945
2.831263431403564,2.1155617139026375,2.489240139134989,71.08801145487745,51.0976094277094,56.89672810066694,8.989252369619557,19.094975579874077
3.475545127122359,1.4632124153437895,1.6664471011225046,65.40968305506044,34.296891579287816,42.17726489528468,13.02159644121868,9.606269092433406
2.02082576215471,2.0318198855171303,2.6945288395835103,50.52374881574978,58.14506660251007,51.646704939745,16.587266306250875,21.86229394352131
2.314341023336183,3.460320638916351,-0.563688358567068,65.58226334346713,0.0,35.1880231712082,13.335697978087444,13.94588818387259
1.3936650259939718,2.496899762745354,3.0338891303348934,33.752771715998406,62.630106856342316,61.74234358666502,14.533065705500258,2.4806263601715735
1.3037933759193292,1.539181174265727,0.4342575990997104,39.36893936325246,8.169043217331726,24.95818405875683,12.353339437758146,29.556737764109847
3.312525822394198,2.760971137731156,1.673803152737181,80.9818181986867,34.80287480174176,48.740559873804926,7.427648454096165,27.66708655873634
3.8562400285708227,1.473539701582759,0.9922970948364704,71.17235965879885,16.932148608671497,27.54953736122965,16.607966056696192,20.413287814808637
2.427989878419666,0.16950037185771683,0.8347866718511847,38.44980548099652,4.501647645641549,7.072367550555673,23.774665358236206,21.83259750564562
3.503532897892024,0.9935309512660767,3.0447441086406677,65.06799906956162,60.22348636188183,51.71498192799922,15.09200815391719,28.59454410172449
2.861636025047634,0.30336646317931537,1.579068918819298,38.14547572307495,38.69511905688566,26.881480167266687,16.126320586237746,21.79471725422466
1.8548802453948756,1.5187892127669531,2.3118534935576442,40.3658324218612,50.86814688236085,44.7946096261081,18.463613775584296,27.232140438090514
2.861395605508414,1.8147347033516414,1.9577714790087344,65.03960451425176,43.98241700313054,45.46126416312465,8.653347517266504,17.6201423930092
4.038036566465969,3.141149849820226,2.429336744500809,85.71059987934557,54.76738849904727,59.60288205868469,23.512573290648028,30.495869908591573
2.4641739608900486,2.0615418990113303,2.0691397019542297,59.04581806429718,41.82608199389178,48.069795971552786,16.01164398211401,22.566285807461473
4.064643655814006,1.6247195769529086,0.8453069982302872,70.43394158362214,17.89271850163372,29.389295816989627,23.159284495445544,21.55241554884699
-0.11974510408974437,2.4635244649467913,2.896640137502426,25.171218000289382,54.84454327287677,77.42594068454048,11.334835022380053,9.839511290303744
3.321902504375224,0.031091752793691807,1.5556190751548187,49.961247682077854,29.532017222961123,13.480694806511307,24.090309612789124,22.29564683441367
2.587047068238171,1.9884916464868527,0.599076291206224,50.614963408913546,15.060381572980187,38.37170144607911,18.875777470173915,13.34436066004439
2.2009926495341325,2.4166921551095735,1.6146963551306788,63.00550806639358,38.31334928845765,53.36095599021206,17.765200429261792,14.893738187772048
2.5917607765355024,0.6171310033761268,3.35068381157088,41.37476379780356,66.31644485301261,49.01695980181476,16.17012227176574,13.476994973471031
0.5124310853991072,2.7150032345655433,2.7651995679021435,30.785236441570135,53.053045033785814,74.55553605058792,13.757356909627752,11.4701205448062
2.280328112162488,2.070797125995531,1.6862130790329268,55.91573892854735,33.72690137494152,46.94464982337581,21.00265829236936,36.99817122413569
2.8571125715117462,1.4677696688793591,1.685668066113414,63.277572008613355,36.71939506691386,39.787048798252926,15.701799349240234,30.650712495907225
3.9778940447415163,2.306225492885028,1.7105284539043557,77.65155650508103,26.991294997419402,47.93544409638488,5.164651482064238,35.36294001715409
1.9817297817263526,3.6165542862435167,3.8690731852047566,66.19988883757031,65.90055893840893,95.94537406947241,9.414067691464988,10.216839843555489
1.6915063971068123,1.9454930040467961,2.343741907008398,46.97160849872301,44.12215389271003,56.95316510171674,14.070771239036263,20.57002999928714
1.9982429564154636,1.998576469040269,2.3870374824719627,53.42493707295036,41.63718751986846,49.49898098066572,16.549994915827774,9.651938998367234
3.415402117702074,1.4325112803678048,2.927255108628658,66.43835234559529,56.0044011843366,45.720960694963715,14.71705755550052,14.434440982423489
2.8287511096596845,1.1201245044281665,2.214910243123862,51.79737249376032,43.55930326838988,39.00551378364605,21.094853948968314,12.654984132667401
1.9702397962329612,2.4642686532353966,1.7668620687613672,50.05833237260479,33.07099933011228,46.773375841972936,5.244490679806876,29.916672051532494
3.013267433113356,1.1151329392729061,1.8232851358235196,56.78106030466128,43.72804038882411,34.94339402808033,15.7179396825258,16.83016257518592
2.5970775493480405,1.8572529897755141,1.9355588665273424,52.16799807804772,40.344901153558446,51.70093294905497,5.910103873064227,28.547034669552133
3.4686449905328893,1.4178740425879066,1.9664999871411426,51.60166286639938,40.83237154087699,38.32598008131463,18.79856147742084,24.832967116708144
1.7979469061226476,2.1831838605971137,2.654866589273282,50.98384121859919,56.20836750568265,57.84248849188687,14.527706427789987,38.42911001683831
2.1723378534022317,2.066929684229559,2.0467512972265696,57.774038848760036,35.24086035562755,49.65428545151552,17.09804986012059,8.164446214882208
2.1078918468678425,2.630031955406319,2.659376069494021,46.10403507937164,58.38308032698177,67.7150507098305,10.680585197051169,30.07386591829439
1.0364850518678814,1.3919868809162024,1.927355077902276,24.418491063630555,38.16828012536822,28.59765683589871,21.397324658288756,29.17152696320582
2.796120277064576,1.584100051765303,2.0707716712844815,60.87857597864766,44.76783651189569,40.824959202770934,20.208623320294258,12.212969295783722
2.761055272179889,1.0169890273741542,0.20161938392110312,61.87319670499838,0.0,15.679719396940452,17.917721515059437,28.057066691785277
2.505113456642461,1.4445653919391108,2.8246949072322334,52.12632430740506,48.72510431456435,57.231518372190436,14.352413765682796,22.689159704209832
2.265412866624853,2.101840394435882,2.3118396283081935,51.35958223758595,50.32624085628901,50.50464803539788,17.899286426475662,18.180189920372737
1.0846292579495858,2.4055908933162815,2.898209098873687,39.410865596882395,59.84622960796133,54.262836376070254,11.465537160063256,13.408516104224002
2.079354677234641,1.0622677406578998,-0.6066298403743202,48.68737966083954,0.0,8.566212033233636,19.27777829510356,14.247124388406512
2.1572854834732307,2.4956847360845282,3.8795372343026546,54.08630871732106,73.24242927967961,73.32585170051804,23.247404471619603,36.39849676628741
1.697722730778381,2.8845102870439607,1.8743693346603436,50.31498379886406,43.11456061528072,51.15822216499984,20.35305279989593,20.00546255165986
2.338714288333991,2.1307479225789607,2.997364535063765,53.97447593988931,54.00023123693866,58.41562254314659,11.351987650962952,26.25704001225167
2.9040508568145382,3.301436650046453,1.0640846655870222,71.80848631138905,29.49505807802026,51.46362899932245,16.807086586365514,13.672804946659575
4.38618590121053,1.1809686407171416,2.551496514556313,78.21582650530335,46.52682661788691,41.76585854059039,8.534292281206762,13.76117643022689
2.674577812831839,0.8042762373508664,1.0519259931437095,56.28482185833405,24.230479490916103,11.246596480439566,17.861951555878377,28.655878473999536
2.7575503907227645,0.37702380087657716,1.4386079353737755,46.74889023518739,27.129066328730588,26.27291181943989,17.253017064312694,9.203390307587743
2.425554084233833,2.9968354491913463,3.7226282184801076,65.08989824478951,77.46850152501388,87.00793921845106,5.65091830233918,16.67828985675783
0.5812287847009585,2.323492525083246,1.8283858393129881,30.494300676769118,33.8471467756888,53.080150329452344,9.191080780438181,20.272219288577855
2.4734861245507833,1.755532263271636,2.1956895858617504,46.841660457494825,43.09982718687353,41.72623383747655,13.584305516281164,20.890980814720418
2.5602302099410266,2.023974901055856,2.783060957619879,63.05875104540976,55.865815029376186,56.676972634371225,13.49570126429587,18.56725371987075
4.963242112485286,0.8996087621612988,2.4461136991753443,83.05553332382827,43.91133670459952,40.11606295989243,8.952615322905974,23.166558248767384
2.3076390352188776,3.7566015836934614,2.135377014629219,71.27820179726464,46.411662019685004,73.69771512768172,16.944893646760917,25.542846046542493
2.8015473423336124,1.9033769455801821,2.328464902219603,77.02251743003032,44.00323021203413,54.12380461718783,16.25736804470256,25.87710036367464
2.4652882302947567,1.8875158356839143,4.1630740267144475,57.348246353088925,82.11848095758886,68.93620935488785,14.028654340107403,12.113569530657387
1.331321962380468,2.3806132991189535,1.9481430826697732,40.017007176420634,33.9911147803529,52.35505436353252,11.221042499208185,17.726759216569622
3.6428228145150205,2.184807385389371,2.1809891420434706,74.35862809059131,30.80811454689286,54.6759603522703,20.243535632082818,29.5581028950155
3.2519330326867744,1.9791072194233053,2.945588956406851,74.31229623051846,57.95664031513618,66.3754657206957,23.277035565441476,27.15717750059098
3.291031947043047,1.1676204356437505,2.9949733396621854,61.60803561477203,71.96254390130828,53.47365800279485,12.582192580767314,9.017124388151489
1.590612545205261,2.177174685708797,3.068327275004342,38.43954514358005,65.28956693957696,66.89130696543525,11.939165414225897,22.811839202817612
3.902794310936099,3.3056195971800273,2.5748571998262664,96.19425530871777,51.40084209785335,70.98485470372233,17.456038327059982,4.174198005001518
1.0981489372077191,2.8763360369239823,0.9712955785425648,41.89487399966064,18.111457424809956,53.22387511161608,13.209853101265068,20.375479216482958
3.0868570938002704,3.0745493013115177,3.4700883790709867,86.41483830120697,69.51409704547997,80.58446614438755,14.303013996683829,35.182136133967816
4.690455625809978,1.391027458855052,0.9682891462831809,89.66734930427344,22.101378501539667,24.006359710790942,18.698265758623357,12.416858261848109
1.5094636748693118,1.0083161437931354,2.27237191871513,30.488507082677277,39.543374297758376,46.38510660072513,5.453219562463536,13.325415636067344
1.933702270397228,1.6993704639202816,1.3211517349825779,52.4043205038368,31.99464317299592,39.73578274952945,21.591511624263347,26.112238252582877
2.599651365087641,1.8445799298309558,1.9422754880663067,57.779847327261194,42.42241633853236,43.227044909124736,15.363402621646706,7.657587878322833
1.9965243458838007,2.675353214776759,2.2958861692731323,60.965265711635695,49.508652014002315,57.25740777160248,12.942534277189099,14.937959760919687
0.9493365689338673,0.44602829622814455,2.289221493905246,21.12399558276183,47.97680857215355,34.305875207304496,14.553829228892756,24.77152910065402
2.5685629748060275,3.023640255568491,2.379728678811756,64.53306390282096,47.69265686470507,67.1563511889009,14.812146775102594,14.925713218484775
1.4376962862738951,1.6735936811368086,3.4523401421527824,35.0836319438892,72.41110902288975,62.49766720763113,6.343993482775373,18.112240102312228
2.9735924306351817,1.458495144042064,2.408180871362582,64.33864198785417,51.12268809595853,47.956655552070174,22.47469113726618,25.953485682520277
1.5805757657661967,0.990316499791866,1.780259028238416,31.9379248238789,33.8349770100632,41.74669320924528,15.206628161353093,23.37236866829249
4.04993440501754,0.47611466250738443,2.8676784514595215,63.49192038412696,54.48556016470593,45.4832331287773,17.215010652236877,22.134547170363216
1.7167467076637628,2.458536467169532,3.0705234400321766,45.560952389905,61.919750276953465,67.30189684274562,19.757748852870215,17.28702176583969
2.1779384837943243,1.858654373750723,0.8951529663767068,53.37361632238941,25.648160085010076,37.752240985366576,9.894187712198498,22.960488922151644
3.31351721736967,0.7680312802071569,2.5376600628648722,67.69569565883234,44.557665879027944,34.50567659922666,17.367359495176142,19.01013855920195
1.2691356835660448,0.7639369823491071,2.6310554680798086,21.33874050571038,45.28348303283397,42.72954465488103,13.661794545506032,23.662444879406276
2.7274599346041293,1.5313722405678973,1.7321928469760073,56.3467187081047,35.467661145702735,48.20931279919241,19.23385387608247,16.024543799056175
3.8071427542824283,3.1352172202315147,3.2381361319804576,95.5204162936287,65.01716114888924,75.3900107495818,4.363862898242523,18.53944820496367
0.8925167654387725,1.5923269189091163,1.8649499716707258,28.91281371444417,38.16570775526655,37.249153043862684,14.504528498793656,12.08033765958389
2.684633858532304,0.5974856375055151,2.113018808124388,48.50622323428839,43.48014215203026,29.265608904593535,11.985896721080191,19.719939119950112
2.7598827942484236,1.6034055487312446,1.8442353581445174,52.1203297603044,35.76869588971633,35.9235256957972,17.161314753170778,13.511993090969241
3.2818228717773104,1.5818211442018637,2.014021142823321,67.18709000471654,47.729740049476824,39.2262979036637,17.350220936841012,11.087628398704053
1.263049289121918,-0.3575093143532573,1.0133524217943184,14.434924868273455,12.262528543503787,6.017576796342588,11.46187052588987,22.069289182843104
1.1795433869157237,1.7565641067857503,0.7039542056651351,40.18744184999267,9.936598989401471,22.498384653517416,11.439130679119781,21.701918206861283
3.0219415656168978,1.6152523758330577,3.4350545569024753,67.4185775004078,68.18481733730427,60.68177486257441,14.446673157213352,26.26298987958858
2.7969846732331862,2.3569650918507348,1.237734786513505,78.47223922709823,16.538751674499263,47.647784409304116,10.516788863423958,16.55099544339921
2.7504928503458768,3.279164875956276,1.1077468854893235,76.9472073808188,21.275665687626113,48.10416023661259,19.209918477260636,23.264422774694047
2.846448209496976,2.7012520236382063,0.061948897756656685,71.33822496174754,9.546328783773225,40.7548306749472,13.15396399776277,24.406380578189307
1.8199752784215093,1.5848890475561355,1.424934427079448,44.12044115977067,28.603120983068766,38.67184213826498,0.46505890339179246,23.558190462652757
2.7322536971610036,0.9147792730066637,0.8092191859332514,48.365766723428244,17.337888247258444,25.840884435399268,13.125889716890969,13.394770537582863
2.793072473298681,3.8586878425998883,3.4778136441227323,82.17538474278756,63.25544905659175,84.74884507141076,9.807280895780139,21.19490785816951
1.785648581973632,1.8473747472115907,2.908835380408371,43.781469151025235,55.09490056797003,61.347147666772614,6.843620922695273,22.913122368437293
4.365774511144757,1.8111434335303571,1.3806646893400485,84.44035688382299,25.737311885181285,32.8420279724683,8.812866808887136,20.057427735263534
2.9738329209117875,1.7806999303119975,4.027192224809879,69.00248079483659,78.95526901241641,74.14594336564505,15.54704235916485,3.3081787330313226
1.3086965027973514,1.958467808614284,2.883588938292435,34.182412801704906,64.07999774086754,58.96387766184828,21.643204141241156,21.28391699178784
3.1565536086338297,1.684511670460846,1.7076517548422399,69.89281363976114,36.94149040047042,43.472217203560945,16.565922369324902,37.70024831517794
1.5253183297726784,1.341070394495811,-0.24946514338621606,42.87605422824762,0.0,7.221289985190881,11.967483058921301,17.119685849944137
3.287084603742452,1.3625128470076864,4.061848315331668,62.34105489125825,82.46949019879337,60.616984736689226,17.279520975853515,14.175383217157432
3.658595579007404,1.7737973838272014,0.7493847799127635,62.0076330283401,17.478804340739195,33.264327056146506,12.70454844890504,22.986788477691185
1.6793176816482895,1.365260183092988,0.5191411277387974,35.80325712018206,16.083567747382283,17.87107570886042,11.526998154184277,22.499025683732572
3.4633761292443217,1.2297233738582687,2.920313388808676,70.73284841005305,66.3089712090154,52.11647261249895,9.228186658835078,29.541881323331317
2.9127809269364984,1.8851441821535175,4.195777165705346,62.42881541408824,78.84007235496757,66.13536714200514,6.240855966241405,9.937054752728898
3.32206015999449,1.5960182260633158,3.2458455366594663,60.79457349907596,60.862623177137635,62.34323621600673,13.050381467202774,25.85104202059994
4.396792982653947,3.0031943908661507,2.5075182080471237,93.45996404232962,43.86247486636939,59.96593461311676,15.790267449600659,24.72337649001171
2.2546118839971294,-0.32077584671440973,2.5352789074987574,34.81451992533561,49.53547885444024,29.33553641780979,14.516881649925551,18.86282770447563
1.7462638356425104,2.6732054815379698,2.768074002902277,55.65968019102426,57.69327193027722,68.42350848151297,12.920165360263207,22.70949854337352
1.6104855703744767,2.796868153998103,2.6830357308080885,50.93130459974971,58.59738719910728,62.27498752552642,10.271269696516095,28.23565985278686
1.6841897150345617,0.14128781407348034,2.253072281572438,24.841601807179792,44.68169051323615,31.642453983174658,18.041230958424844,26.978523040227604
2.422898290585896,1.525849924735721,2.0937809935566887,49.64318286092653,40.276382254859556,44.73778233617669,8.414340400267076,10.85584550341017
2.841151974816644,1.5028473072033668,1.9436661848904297,53.03370177179081,39.632113659052294,38.663952624161865,18.880139569217377,26.561265494043877
2.776690799330019,0.6739906442257431,1.3214318700199912,56.46714687955492,22.252922892249707,18.90229675056777,9.988914905366375,19.48249115973985
3.3271832490360236,1.1777466499272997,1.7473924308199034,60.07361288875665,45.39554222487193,25.28854051060354,11.237823813234826,20.582992784124123
2.513001891877907,0.911539323627337,0.4763388672241531,52.89621421856946,1.4884722088927678,18.40278852671635,7.666074046921615,20.585575928013554
3.953534077157317,3.2018163547388983,1.9114943358847252,98.92775496436099,39.15358961217313,53.5357144306732,12.492989265571817,18.79805608961392
2.235343166762044,2.548542714517969,1.1102680035641743,64.00712913735015,32.32339116743168,44.38244961419226,19.876562292389895,29.53365997685652
5.220169166589619,2.817244075995327,1.006769614505806,100.0,20.16939151291611,44.570923205602355,17.578140442219784,19.330256321206303
3.125667347765006,2.3773376512345883,2.1619047360381307,72.67703718050402,42.287899545755145,57.8666225244636,19.892110560140175,11.04363097293465
1.6428424435837174,0.8967585830262166,3.2528020577101397,33.489244452063346,63.268814040150666,48.284500191386954,17.61071272966968,16.85176115224217
1.4291075019388877,1.380383786976181,2.8264849454020817,30.721941095194488,55.627740499229596,48.83518585680369,9.481650857348153,21.429557734483804
2.982472415243185,2.1914996489823344,0.5865494567391407,68.27387912707914,18.595231508165465,36.99594279009918,13.346053878362213,29.833718274376402
2.276537214674149,0.8222977528864437,1.109334677086696,36.475836793177656,11.12738398508639,24.85487930509826,11.099004354412687,24.82475747959067
3.214000494092092,2.3703987441379106,2.8466940691893945,77.8523917950683,64.60104989026952,64.18589354584155,21.6528745201952,13.195717770023649
2.973237624573545,1.6077396814734919,1.1157613458155213,58.35287469684613,15.1954411540597,35.02835027651079,9.016056767868442,39.88151933343113
2.4271710873431274,1.500143353960322,1.7978301650026778,52.41479812911433,34.62334165388148,31.89782161152047,19.468488446945553,22.118202487823837
1.653206281931595,2.368767974562793,2.4950468891220967,49.902213332332565,47.75471568094863,62.14972176415359,19.464769350543847,30.203125903992117
0.9851527753141354,2.155410649188832,1.1284899906227284,35.03687325307997,25.51256616130817,42.46915164780673,24.148101008580436,18.786284531382165
2.0534850479329787,1.511227067344736,2.094837955531364,48.848015399818415,33.90613735120854,38.18936463163071,12.951567036852513,24.266873957643597
3.3563987943234723,2.7274638426913986,0.7993770545736161,75.24610205865345,18.298404421882037,41.101688398809166,18.561610797900812,26.71574803614724
2.7140937441302038,0.9351493379200821,1.4587691204439077,54.4193860284401,39.29693052531242,28.530485062229722,26.408259182694213,29.745557694034048
1.254261221288012,2.292748485555411,2.2878037407282834,35.01150477364055,38.940204791601616,54.294142793395665,11.911791615331516,28.458946443025802
2.673180925851182,2.274481006374707,0.5663056398214976,63.47442184924685,12.274643634481931,35.758739587197134,7.324798762338202,26.977576000583824
2.885317379728837,1.5523628485488077,2.396427264164359,68.49803417671205,44.61863439430413,54.542315261713924,5.599949830461181,17.47930615044713
1.6161425637988671,2.0609064177936944,1.982325980965987,39.84954601189207,41.77595565028492,53.92762242348032,18.563560144306656,15.426031664351509
2.653725105945528,0.7991091388917577,2.497240958975433,44.40824312547624,50.040558066587415,32.99510520724926,5.584248959707081,22.66086008259358
2.558208718446,2.5392216153655207,2.201522720658195,66.33488617863978,40.82301986794236,59.99928198381483,13.138404735310386,27.465024578728553
1.357029702169377,1.6520782908456089,3.22772638697646,37.77413735069473,66.99388916388456,65.20232273154187,17.186565935194803,18.218234393787142
2.8577873603482833,1.3818215835847685,2.1127020523831166,58.43817673743973,51.27578159659605,43.868326235060636,15.92587768414957,28.521375725715092
3.0607845263682343,2.6392073806695118,1.6135350129872723,74.74977735295694,31.31618130110895,56.48781084981124,17.12722432092086,31.620933963889435
3.583051243175277,1.2365250475657925,2.1100677527290554,69.28462646609593,45.80014476532202,50.220465832041995,16.11144927900427,12.669432647412641
3.5538020520349027,0.6732309629091522,2.4889682261327493,65.58783961939618,43.312999733299165,43.064937999037724,21.394329066566968,13.30463436962976
1.122330632042909,0.554696661180877,2.043974063293134,24.431019377094966,36.097299381772636,32.43059167189677,10.238418096306015,18.87699952875731
1.562174960084877,2.2848079610765115,2.036532522083494,45.07441573894556,43.092681831071765,57.08152816834384,11.615024307707344,22.46090134551357
3.0150352672086598,0.7756565180029735,1.3682074809739202,56.34496269417329,34.78472976215823,26.45080715320718,11.13670277364588,15.803463889863593
3.013785950912209,3.2038353455874917,1.4033891742041467,86.74455239403414,29.845850228011233,55.40620945392444,19.150959059313053,30.817621430937155
3.015047686306048,0.13445647369302227,0.7376552553802758,45.907111299608076,13.187814954989744,8.708269570310915,19.501992941975317,23.39253489214761
6.352731490654721,3.1571650946320307,3.5746190688682455,100.0,71.48883840448168,88.59847675616386,17.25612659659254,20.315576385925915
3.070890510693167,1.9688139737620949,0.8805230881478434,71.28690074445332,11.358423093108279,30.099901413209253,20.917468334449637,8.51272380905178
3.635565640180599,1.7226295105036862,1.3763853219836832,71.15787388797786,30.550283071450497,44.85001661323901,9.109795663118096,9.473473468579943
3.4540017634932023,1.3640647305528402,1.3534334609877223,54.58732602785626,31.480334531371494,35.10929891718861,23.336120557755685,22.24807400225445
3.151391251305798,2.1193088914816567,2.8054319392499973,72.70106607015565,53.848187120834545,52.10035909477014,22.61619310856129,2.9392349907613102
2.1847307553596544,1.7698922380601214,1.734545289537175,47.79324278122642,32.34069505194599,43.89149679612466,18.678109986228733,28.101099277152574
3.2589692204932676,2.6826415056132173,3.1229678654063604,75.25828695201038,63.78874845638745,59.16717991397682,23.9089945438553,18.734769245021436
1.7271747854624282,1.8913821189296318,1.3938584381805184,46.48134462407781,25.69357008340739,42.55042676947698,6.716883961611131,45.944743756757866
2.263181393259991,1.9202414091695021,2.2510947460014217,54.10263338949022,44.69123184689932,54.48219127699603,12.37775931868674,38.463330004928885
2.0146364521708966,1.5091102302289152,1.2481876520662185,48.857908170547795,35.462361987156946,30.12579480928134,11.323482696590238,18.548407446019866
2.5818741393863225,1.754443501023146,3.93063421499605,54.09511524817708,77.37755579619102,68.83867107200827,18.607396618786716,19.14930397974948
4.814658566673509,2.046241415113647,0.9311614228734384,95.2478216421195,16.83152769736266,45.49962122459646,9.749296301989272,27.96465211201624
0.6327348074082519,0.4318652858746994,2.278838639204325,12.511941581951188,42.33906375591071,29.99971357963861,18.787475746687427,33.625380879344306
3.1862601903745134,0.7214516623154297,2.5703991928388885,58.70247188320951,55.128943714277455,34.20767232656882,21.852680719983567,6.895767540511866
0.8872841288103483,2.394611275218172,2.3724191877063485,40.33221210440221,46.542262888036454,64.61268256740723,18.476014500419996,5.708996277162507
2.0280681342105664,1.9366923505023534,1.8332411070100625,45.11075200795905,33.417956948594124,55.052137442802966,16.418755118307505,15.023721555564949
3.588950596967366,1.6528133309178568,1.8831613702399164,75.79230284456422,44.26974756616339,42.45017477313252,10.060633295496254,24.661900665390917
2.5642800190954627,1.8147471464523146,2.0394303247811987,53.93185452538484,47.88662151819216,51.30744483184394,10.765745169373176,23.974988724060776
1.4222552220706939,2.078065364289337,1.8676981985343604,46.1547709653595,34.351846141993676,54.05654233153878,21.248094526483335,28.5581716398708
1.7846962907400319,1.3681922557525108,2.8674912051154187,42.288803485632286,48.017124345505295,47.11578036772323,18.896745019526662,10.402419773077535
3.179597748934676,1.17735621967815,3.989470701432216,68.65844681477725,84.82698247782893,59.57539387648505,14.80490240311228,1.4708490962489869
1.7696333682828633,1.9566762040781454,1.4982573934929497,44.993932653165146,26.541998741058975,47.61357573662682,12.910452271170547,26.864113562417163
2.716458589581975,1.0173017779079743,0.76717731837883,49.17331264221838,19.296674363390444,29.838820548984195,4.870960634443115,13.374429816278123
2.545571839903814,2.1266022045715776,1.9205461564838706,59.35250161483432,28.560404041118236,51.38018463353715,9.645737906577807,3.8520970848908966
1.8483996523941828,0.43793311660972756,4.321738403888887,30.589427037838643,90.89775476927429,52.716986478473096,24.557095435698617,21.160509967675054
4.643944089325325,2.623324509860515,1.2766928888272422,99.89211594819528,19.477998130140936,56.73551434275029,8.597722144987667,26.34540550574942
3.133919022318011,2.1780779859304342,3.4752051248996607,60.70801215189157,73.15792309332583,65.18454284090132,15.947399106105403,19.02354294302978
0.47485741334239284,2.004823787451101,3.5099307326687965,21.902686978915135,70.26997999255809,64.50136533558151,20.03721986597599,16.337212910540085
2.6864543147694278,2.5861527871564114,1.501770582462805,60.81932798520957,25.265714552272875,50.76676960787871,8.725386659988537,18.725102142832746
1.838213535231612,3.1323795555700613,2.512084771266748,63.64853654404267,48.20651386070106,75.50437402561558,15.923552373905416,17.03533790079374
3.352433334796224,2.6114960520145045,3.465556960815684,84.95452740499805,72.74273150109718,77.19451603672339,19.689577687553275,9.215623104478663
1.7074792615672993,0.32730061493468376,1.6587850331112617,28.36294898016897,33.70517292780141,25.9073552783609,15.062496609536252,14.282554584076546
2.385263558533101,0.7763384266114388,1.8167776759078744,42.698229028160846,39.25761842051991,33.433835880822286,29.34201527833384,24.170239240110515
3.0049872789804573,1.300145137843457,1.4764871774462205,58.42652137870734,39.411946471501835,33.53716112669346,6.657003705609023,22.573428331012
3.3657551941701214,1.8208728401686671,1.0867189423764199,74.50444782727944,13.91317078897314,37.68179896313357,20.293642649419397,21.344478447734563
1.2997035929442238,2.2141272163752985,1.4156502094405936,37.000060386963476,36.399067063654996,30.909528721319184,14.135991313017678,12.038812145172965
2.1654987641590515,1.2194049494772274,0.898453759913969,45.86837587083197,18.490854885895445,23.931267217345365,18.859600774183377,18.54797470291466
2.025054688839044,1.9494134115816628,2.0306751214333034,54.74594259731443,36.119582187050426,48.9676720707635,17.20653575849623,2.5834796284571624
1.846670767426288,1.195693654117342,1.3070240920472225,42.16246890226697,19.4889137122495,24.277542535877238,11.334219014450017,21.427813311083117
4.265454240281096,1.3107857576064414,2.2104073206116728,78.03757926327458,43.26254445834829,44.185933527675175,16.1449819622967,31.43086166250854
2.9049817109609557,0.6746711225214221,0.5996939184167354,55.32666735246426,16.602128927957004,14.270024386327282,5.7104927430085635,8.206942943663154
1.2391160456649548,1.0614134031112765,2.297792208993011,15.684713251090903,45.31809857797255,49.087845836828905,18.016237502856967,15.312578613457958
3.417861947054776,0.7186523155069331,2.750176065448032,61.843828958545515,62.55929596019738,49.491039197533865,16.49079232995263,22.632854229681037
4.622156197012633,1.0193013976181338,0.20563792168569006,76.25497851573371,0.0,12.370243986055073,18.19330084321551,30.02274107541987
3.532465260551147,2.6429134372862717,2.336650912862815,70.26294879684764,46.67257351802603,59.00058364395556,20.290591625435752,16.414203069598805
0.9806300340459866,1.0404808889344457,3.104902093225963,27.67027239765916,55.83607464245367,49.37485795788294,16.838099201048554,14.46199736587283
2.0157659271337485,3.9059056518699125,0.9113230831779151,76.16383815152012,20.044621076683143,55.54844743977582,15.740447098991382,4.248614860671335
3.7669111491866225,2.1946543207047116,3.505315148153933,77.76296787170799,74.54073991356516,69.37475854644437,10.59465831669354,20.827505034464853
1.7923305343812193,1.9478688989558992,2.3771171084294407,51.12801974129198,45.43853320018355,48.10842174418613,11.438896181754746,36.33660832114995
2.943819428146228,1.113313775855029,1.365489329817432,63.351820470686945,14.28871731321297,24.0925605933819,20.933673100886654,22.218867695717407
3.2746340534293368,2.3602479035271933,1.9498078301080646,79.29656210463222,39.99089733614377,54.83422492312444,22.181677028529894,19.821768166530294
1.5730695284219172,1.3394897390097809,2.5024942212695502,45.19076296328353,52.233577184058554,49.25145544446103,13.809447818439729,22.576658486135884
2.4404746439382,1.8976078517162893,2.06840485227117,59.29383563159536,43.389570820231896,43.57057364954955,15.23001373626637,19.911263968411184
-0.7412673400690726,3.848067630615036,2.484880393201732,27.73883439962223,55.87651882314541,80.47215343961422,10.476928125031169,13.495885021918962
1.4756123586657102,1.7231520802202802,1.1713937662285705,31.355877122702612,18.072606926326166,31.576661511559553,20.863784226337224,26.586239325421644
2.2474318486068396,2.7194186610285405,2.15242474163247,59.67535189873826,46.449575359901644,59.72794702212203,18.32708411845889,21.806092184894034
1.2522168180351505,1.2374588598992902,0.7276569527855179,26.9416078929392,20.51567661810023,27.683109815279977,24.706087182318747,20.14090601546926
4.132411303931635,1.7720092076024307,1.8998965447861698,90.56097522248791,29.10499297569081,43.89480620514463,10.608384614101306,12.197071781774
1.0698586220393673,3.2166405085084078,1.1864831226816892,47.33485535351291,25.327921583228672,55.11118813498683,13.109960504908914,30.428063455478075
2.059955513303016,1.298426353769786,1.33802305166921,44.499620271165526,24.239561878345842,29.055244645830093,16.157229612627862,25.31762196266488
2.6307405772860912,3.249958846397543,3.1124838576893934,74.71812400346913,61.842063788279646,75.36697953190274,18.232447688628852,15.576633301061584
3.9412732890661157,2.3662015483643803,2.982179108534842,82.99912705149781,61.38196458838852,63.151270728388965,13.921661812261839,28.014598829455498
1.0641378488205606,1.3500265792845858,2.5482243088164593,37.93758872730803,48.52834335576143,43.04611892451135,10.635194547731498,16.019433292918343
3.6631637521549596,2.3059261912444167,1.0169185117946788,74.89347138609631,16.95982984008552,38.990265620890234,19.407037644617855,13.743972059911705
2.510233061019587,2.578043559701384,1.7152323952746782,64.40696878849386,34.47540999293369,43.77621996539401,18.605676812727907,13.922375060157703
1.518491348952049,2.2974479697737573,3.0917879299812654,42.03949700352806,56.39952890531129,62.215062061349755,10.418629497181374,5.8314515752952705
2.962103474263271,0.5438202240876349,2.127545222275914,43.26964179872188,37.12177880109236,30.632007889514227,21.77721400552748,23.772339043345646
2.69905969557347,1.218290259340105,4.087396585983525,49.60995257247668,85.14479813445303,62.38734338140666,20.85099354598302,5.350840973293199
1.8997831228412054,1.6019850915587963,2.353986055454935,44.331413772963984,41.33575093330542,46.264166534810876,15.671482486238965,10.172449349873899
2.5698020849900187,1.740453256719963,2.1728442048410286,53.80505271946362,46.78844660136663,46.650748539431255,15.397989311880181,3.395295927371734
2.11468640313824,2.2965376780405427,1.7217951822177486,51.223567928109745,36.748860108624726,50.61720191352982,17.770288855579537,19.311442457672854
2.613517345251248,1.9421608007466031,2.120186814304054,51.592780867875575,33.77470264212809,53.1207567512705,10.69148464871871,18.797436317825024
3.1621306745210465,0.731724513031919,1.8627771472575105,54.33367738499141,33.86771968347193,27.88519378923182,15.150157395820411,17.386430294509086
4.086016816145352,2.1041582808047705,2.6372978090197314,74.80823318007299,58.71650319563149,50.8814688009483,4.238082276954099,11.65937844263539
1.262184501173151,2.288468596227059,2.8610320851151254,45.61773329831586,52.3148140466041,56.5837861148907,19.38227822751468,10.62212997250688
4.633033374656266,2.247832358344832,1.2926094855428456,92.38602296796482,23.530168399309975,40.049287520677495,7.192533887790703,23.714958908372594
0.5479122004774981,2.6646245804436974,0.8018903417979997,27.57717131427479,18.348111302219476,39.83857247781782,22.517099142144996,15.595584546332098
2.3482149049644168,2.4671377236391234,0.3474151642070331,58.34855542560817,10.86525583055364,29.924654323166592,13.349399530167748,22.530866572289156
3.0883172064845765,2.1673440633827497,2.4571921942212893,64.23741670314324,47.886149454203306,49.01385176999899,13.941665090344115,12.91801051100622
2.7809918677350325,1.7438674308330824,1.0069700544435136,60.74942487645222,17.151850115412064,30.72944568594821,11.86133046957747,21.448501942168658
1.8773004801794062,0.47123125318720693,0.06239846634276547,39.574071964678886,8.359818635347848,7.310689734929525,13.559805630389619,30.42622429852851
2.2918777496427247,2.1436945753060686,2.349720744077868,46.439249649472835,55.68891320054525,56.89613116178506,22.092656725740184,24.689326403142267
2.006999065341167,1.966150149730489,4.243699565689512,50.341617873159485,89.7682815676992,71.73108131949841,2.5609567173246024,16.700689454268158
1.9106352430557885,2.0172630697562988,1.994536179614096,48.031495365566606,40.31731430510703,46.07660188172756,21.384826930440937,22.05759176284742
3.3496020970210245,0.7786011393437524,2.7546416970064778,61.38674323100522,51.05150533192492,37.76542249196621,16.69011740550854,18.074678603758297
2.8570154859650474,0.9351547676733901,2.0736464226928084,53.272763107398056,37.320706421073346,35.9484184325205,8.964891760713922,20.063041477557825
1.8070904047393457,2.642522282666323,1.9109993121279716,49.771732239059325,40.83255676888822,50.40011596657746,9.62343803475381,17.39511158281197
3.3995998754332506,1.768355876914676,2.8271688346889916,67.08228722231242,58.63536779822325,58.01193560545001,23.381965136041018,18.68531835291687
2.8072995208766094,2.3452005578980994,1.7387529102302137,61.58136910811269,41.783051169336424,40.0781091578692,10.272465600286344,21.6967468245934
3.31286211883896,1.822654700904369,2.240653082664713,73.29951448462108,48.06531211597495,46.961545040566676,9.233247447020203,12.053130403344394
3.129628841923612,1.8238049115965962,2.2895280255764123,65.28903998817985,38.27515900272916,50.865531942034806,20.686572711823647,11.872969384080173
1.6710049890779277,2.550627044780798,1.3987185917212561,60.077298712741936,33.23410992303971,48.311320219637174,16.692764381429573,8.891659569350312
1.9398189598030304,1.387164217426101,2.8928381145828705,42.66562250223336,52.866459155085344,64.82519630401015,10.310372117318007,7.197831163970321
3.2472936051232617,1.8768966215527867,1.8425362189741321,63.93633645782448,34.93086801972088,46.38219420916257,16.083124877023096,10.261738462236165
3.110370265433465,1.430179769035966,1.3198293564564398,53.3887797087975,27.64758816038727,27.979836521698815,9.871236581798613,21.275700054433035
2.479098406035852,1.4524030180541476,2.4828588592133634,42.69480788979953,59.63551463318709,46.74582129176476,20.504106992113027,12.857699876064927
2.617327383308782,1.5526623012250886,1.1913788163880663,46.86585404685517,39.377169107788134,24.047261744025597,20.30685482436567,24.10891571384877
3.777664895788425,1.9777070173069704,2.0253630416322155,77.77767686495349,43.54087612832522,47.63384196078643,17.660030994109714,20.277709990020494
1.9084286111641702,1.4170011026692182,1.9917929030202168,45.340065310304404,38.919874966802396,36.740247783269425,16.808305306235084,4.25196629249557
3.0470973811700377,2.8046049004588167,2.9773060092484203,65.84655621197805,62.21864842737115,73.95988229428767,23.80594062433687,25.23980467377352
2.297807347566106,1.084314158224397,2.4272284095919576,49.78544336611613,52.98284532120834,39.39080944081858,14.998431636941126,26.48638916473368
2.28231879677278,1.6505026846709128,1.9774757371293705,48.32450353988363,37.94617661480145,42.95191148262716,9.090629372895993,12.049098601321173
3.59877685198719,1.44821515338066,2.7359896692802583,69.19776937354219,63.695850165166775,47.032668664909004,17.247369564161534,23.361532343159933
3.3254163489880297,2.957582307482986,3.251186794115582,87.51817145092744,66.17408967826866,83.19948597844946,25.43023524768557,13.148014100726408
3.3135096360006386,1.9572438212092598,2.502029275716676,73.75927933142984,52.52930095979049,51.90506333252167,9.92620253407074,20.781363013986685
3.805478807154329,2.6254756315749077,2.0093173578590426,81.99428518353486,43.51596841745316,64.78030109060342,13.192686166530072,9.884012744360275
2.521003841632759,0.6115517015704224,0.8193473908848563,39.474613513119166,18.494880870769407,21.241547920054675,17.082230190507264,5.655148379723386
3.181952971294964,2.013640212695407,1.0413977032321646,57.106619689732014,25.022656566991355,39.070788627807794,14.730475754971303,16.93746248309625
2.189733243406544,2.5117046364987496,1.725297766080799,54.36727841987356,31.41968938888137,52.68769456754218,10.088482098113428,19.01016842980131
2.824166352488442,1.8658271914203395,1.4514390180566452,59.96511600739156,26.23727159140275,41.776181004805075,20.609289281152353,16.818562451083167
2.3698569456323155,2.6523843000522813,1.8317258273130985,57.13579954925163,31.133745381403497,44.170958631656504,26.600203610086297,10.527755534219525
2.5969959649927183,1.3861692399197023,2.0509849324073963,52.16034703862628,43.21720480124905,39.8514330971714,15.980657295119537,16.800807502950903
3.0951570254369134,2.9274779521484637,2.4767234789210577,76.08639431783219,53.42915209598172,69.07620702875586,10.479658551319998,22.154358020645873
1.6817793167665274,3.6391184988954004,1.9365510997468178,60.493594831411514,41.019886325695786,66.6635492663361,7.255197374732624,19.640855759019704
4.592387275685461,1.5097291516482727,2.437851479443582,80.73308774764733,57.12949175560932,40.34501833908438,16.289879906105906,21.460008244793706
1.493982618500298,1.4435979828793826,2.0580269733291083,37.688992466131936,41.13255937243693,41.75747722161454,20.519386716581288,14.639078396366138
1.2858113872122678,2.962707581694161,0.22208009028151587,51.12394987297267,7.785310083592881,46.73797964498557,17.375838732476907,29.37374331772928
3.6581108735000676,3.06365771658457,1.1545981455631211,80.0562448811325,17.63345853056585,56.85352892344589,14.987980795405731,10.590613307561755
3.2916626939629356,1.3817119782773855,1.870321199850546,70.24672209094925,35.47092548463891,38.71437809070502,12.053641741053468,23.90048237669375
3.124119817052155,1.4638505463233142,0.9112747314430032,61.007362057594165,21.70318341668895,33.25874971848624,9.53918183640955,29.455128743679694
3.12834550926428,1.5745723129115943,2.539935856996584,62.765153882804384,55.0442276936474,47.54156293705788,19.17375663162441,23.847264741991165
2.4877532271530853,0.7244395911725783,3.3776757491093274,48.101766435304846,66.08368024386564,40.706026149249276,19.568858106927927,18.37980618348136
1.6027456285141684,1.0650784428126414,3.096885666527585,35.85804951215645,61.57971707126137,45.32123937143494,7.271351066546334,15.773623626696168
2.5758045581937266,0.9966873865983457,1.8079014161628129,53.36962540845558,28.568659589852214,41.46950947567489,22.94919489090342,28.28870120837005
1.8228382884878882,1.1857619479166972,3.3416535231649567,40.635814632494416,65.04792445926608,52.959020243833315,17.870356104470005,8.616200597906616
3.4751197334177513,1.7722520900905752,2.1338007114819004,66.78713002896983,47.12793004723694,45.65571372199462,21.997973225728966,12.239005916962851
2.3529426184978615,1.9873717860292166,1.6966226259937645,56.9753747637906,36.808477600408125,42.708741962901364,8.289361257574424,16.819537876066228
1.6745028032074885,3.040400394251262,1.447937602813154,49.80291495402163,31.46208066316913,63.38073891263803,8.170879222922807,29.901230060095983
2.1786141583470067,1.0013167674089671,1.7277772821606845,43.23517857817738,34.804414079118494,40.878923171646136,14.255153451163515,23.03814108832717
2.912931454275624,2.587457918781267,1.6506408633128942,69.40240104872474,33.048133059398765,61.95108655237061,17.51392213447597,12.255633931918037
1.9362754471960253,1.628808924619593,2.153374600137939,44.29163666777361,39.76588630539154,44.59097624509012,23.98180411463482,17.51753835692077
1.6777796044335687,1.7604290322780536,2.144516582944878,42.12829683208941,46.384473759910236,48.337469826410654,18.530394569075657,15.085414847229645
2.7436872114919124,2.339855593733283,2.002741418138073,55.14461888222333,42.1596930847084,44.52795139535232,13.786593615939832,14.32168806213172
2.7449665711087228,0.9018223827501611,2.393244352771715,47.44909785542765,50.324981295398295,46.92547295685388,9.86815396167054,27.831116468454233
1.9930568246288702,2.1059277969472405,3.071581647307707,51.419354844611036,58.801458732816236,56.2912155747197,21.150002863595752,9.026054965891955
2.0289616943816773,1.933161766570445,2.854598721897191,50.56532504141661,46.3252598385876,58.53700368042478,10.176472871246425,32.87024684587499
2.7320499373576363,2.193961011206519,0.6635918283950868,57.78198346779995,18.757600126670216,28.804121437055052,23.142342773861607,26.62583752147698
1.0519156585026759,2.0313349151262545,-0.2985290214117593,42.42062323312619,0.0,17.849336590880462,13.578076751967453,28.726893364829586
1.0925362256234448,3.764240111928715,2.8408879201153465,49.69957026256631,52.50387958209133,75.07522422928024,22.952910363089252,16.296483903797935
1.781555778747564,1.2898080125989473,0.769809171426121,44.468702809836614,18.863577988092388,21.67602990492173,18.39465645029639,18.800474247367124
2.286552848288153,1.375202435998546,1.797711138296585,50.18628889366617,33.99415956633605,35.37934937579668,14.315022552787708,8.534785483802304
2.8109075655980047,1.3014875788601885,0.9468982765465763,51.947352723352935,24.237647451164637,24.23928629025579,12.403018140869367,15.802700743465575
3.975356216949552,1.3556183046717962,0.3782176061779823,82.0630807640088,10.649381871443133,24.97270048909888,13.2954606132696,23.94923878114521
3.3576596232020193,1.290090298154786,2.4873164553843092,57.29761317079575,53.16417572368857,39.80456707715654,17.141583461876188,30.36850449425117
2.3400614700365727,2.7512132248860413,2.683239644272382,67.20882516745901,46.83501432944497,66.31614156497042,15.385782481088583,11.142745465580386
2.480983792097311,2.9364033983918842,1.4811406393459525,71.5817024555934,35.68253271385105,59.10032421438183,12.030942959656475,17.075952504117872
1.4974706353621912,1.343402965000419,-0.33193806293041916,32.54298813505383,0.0,9.571597002273018,14.17184294841184,18.78960623813982
2.48148686400761,1.134115541516617,1.5083799965727656,55.52578487560197,28.321214235224296,28.120352003334585,15.392885148595749,8.833686382460119
2.2113413610798616,2.177132445109123,2.3526236048622917,53.691212294294395,47.76941443395709,53.20444947375573,4.35632952792594,24.7307939340672
2.8227185603380893,1.358221564575223,0.6689795881032841,57.36646219722285,4.498415597574082,30.22503987394564,17.290840573943495,14.208077346059127
1.672769056447677,2.3063454542044086,2.16502392780124,49.45659958261534,45.343742613428155,54.62697073883457,10.101393876415965,18.436877190583807
3.0193465142411724,1.9623384166810398,1.986221135744304,64.24203817307524,34.57756517397572,44.72664315606614,9.233337983971275,16.38440502470498
4.032738913002578,0.5874047080022144,2.5213623496409796,70.41917214085971,43.66389556360192,39.72458794765853,6.563278264446449,13.685291954242604
2.3912398515431423,3.038004161064049,2.107622331572738,70.2160829865487,34.540650700365305,56.23605716245933,6.030537510660549,19.943640116155564
2.9017117220989412,3.236702138476417,1.1242379532066,67.15003735005739,28.048200939081624,55.73807865241095,8.222762484438555,18.27512337145582
3.1901439917111123,1.309769047612491,3.076914351498042,67.47155156618236,58.3919700614969,54.683237327835236,11.454895211847548,17.025136941770675
2.098779528114164,1.4898387520512126,1.857323384275727,38.06762050204621,44.81510623509704,38.62690328022886,24.76629568763284,14.172307026557258
2.7240924818104166,2.028692312579924,1.9754259144410613,66.31104137466377,36.82951097355974,43.85648973201567,12.370601620523981,22.556197366263643
2.512592400781795,2.06756543198962,1.1600588368341236,63.99806601576104,14.664386948717736,34.298086614467636,15.888750531340158,33.22893814793828
2.5976760985488316,2.3268354181382644,1.6010459739276408,56.778663508539125,26.438297278809518,49.80866338652041,17.002406932531642,21.11909786271302
1.7269902161445336,3.40816363101308,1.2036775573757892,57.93241811252588,30.252609247550474,61.48699677311174,15.655325931079243,27.96894571928903
2.5245101742589426,1.6584422180047604,1.8443485460689193,48.923551451502064,36.10748003169505,38.84695043374018,14.612782696370031,8.878224598772299
2.99799829124545,1.161362204369237,3.5405376321281095,55.50899126093044,68.06931616010918,58.71473155572558,9.023531182003776,21.262091514350157
3.951143607795042,0.6965446175883783,0.7652889713617792,64.69242887188071,16.105870556499525,7.106867974391546,22.25463774139606,11.221053448231467
3.459270826085207,1.2152559680464647,0.547794741910933,67.93992473308946,13.464808519056387,18.233519866202776,24.035983218189426,8.184600579744789
4.653182457511557,1.7734984217009624,3.324053294744248,94.08426481028101,72.06805997439726,61.01532593298801,6.586706529386571,14.08502874032771
1.7326524371119505,3.2356462908142305,1.8116086905633204,65.32466851877135,43.474669960731035,56.018642691621444,9.879857045568102,29.53519467530858
3.372320636720678,1.385910960771063,1.397834535206075,61.633079025629286,26.15784747517607,28.722414077777678,13.600948288114969,27.600126629357163
2.6833420057383517,1.9790303613111189,2.935914218656469,58.994324330463826,52.08804594271919,55.64043717726662,10.177311025449043,21.9440377764352
4.689802933217672,1.7868616831417983,1.4549460142368222,79.79846986857831,27.031594479120063,40.362656010175314,17.529827767279325,7.7383955208805535
1.6917017146448485,2.750714618758467,3.6434087421922428,48.85332157477645,74.16957737675929,75.79283523937666,11.358638987966934,18.429754788896506
1.6602781578192238,3.821545940698898,2.610133284205342,67.94388993976463,47.383871053053795,65.98899453222602,25.825280339033014,22.413600071213885
1.9006073545559778,1.3753049816637435,1.5608797326688677,50.34007425271827,26.43184007890214,24.630715808816,20.95274297171798,21.404289836628784
0.3761042756901931,1.4084484459854223,3.941577391938953,13.55430423580751,80.55048724652849,61.16598416580663,16.062870153161075,5.249651332154034
1.974244978319239,2.635328701655258,1.4548565692969955,53.0046403955767,28.853869628087654,51.3706561816948,20.13493131659866,12.877457215841027
1.740867338446302,2.345513191701049,2.6678858348083763,49.436113208910385,53.521701673225465,46.42326410448693,20.529502121786543,19.48737788681027
2.6503937864762075,3.277365860588827,2.2693633223658427,73.93037119712942,41.59478977381651,64.06209931469789,12.180262559708783,24.290327276137518
2.8417559757771595,2.267142548260771,3.1715671604589186,61.24974751965688,62.27933963814954,62.63327722204917,10.918913777290175,2.4309774312004286
4.376170839215886,1.5125663273703525,3.4053600770541674,82.88853108426227,63.486035819741836,65.95680574413647,15.390715314848237,18.703008196161132
3.45042383818605,2.2725238645538477,2.02880373415919,72.11239948297465,45.02706673880773,49.69082212599213,19.308180622489722,21.14439015903162
1.9230963443375968,2.6869628644663264,1.321923916688435,55.643812455335826,31.614725007387463,50.021586297561775,15.695301993267089,26.796895908129706
1.601585328651642,2.4563857449578914,2.413974928645205,51.31905861937204,39.04855926171363,59.150613783674466,7.115017589045014,25.542860673899494
2.9919191715065057,2.2058192248858384,1.3900561672231044,66.96909117051065,23.15356904350004,32.49767230627131,10.985877780245788,24.660570550470442
1.1797667929793578,2.6533397516713233,3.812048522773961,42.04796995877076,68.75832418002882,81.42569537650209,14.63013568202811,13.600475946384528
4.331458765854354,2.7354364723565383,2.122881797974464,91.77819719175153,39.20751628745479,59.37680177125346,14.621671978370848,4.735982903013539
3.679440120721287,2.905727192830022,1.6712106038191021,83.80705894309284,33.007022227430234,57.46459675816244,24.862710883949042,16.85557794350879
2.030824347895295,2.318967910071714,2.1662122752784176,51.80198916973593,36.076019407075705,73.4533507563832,8.07006028800501,28.01305460166848
0.7868654709091225,1.6663055357465166,0.7875863394232732,27.172057107766488,11.142427722838898,19.026137804544533,17.527946209179373,31.14763622019545
3.853872374165413,1.9173709491466584,1.1255473653404136,84.97503095647136,17.491160446400777,45.138503022650404,22.44556554164145,25.684392818382282
2.385460154747382,2.7652071732066856,3.080372517149983,66.23857129298378,62.643786989994375,68.70971868727824,26.35724872711398,23.434726582413873
3.7378163119734618,1.1464514632102112,1.4087951489257438,66.05435772155823,28.522624663696128,32.0996038676465,12.978012884080194,23.037117187087723
0.9055723412056329,2.094938647098321,1.0577801155862543,38.01774361162138,17.54691454503882,37.60506392570869,17.457147263600998,15.551050025913757
1.9006249770462271,1.4853289501381115,2.4829874772745577,41.69356670829447,50.54385390618814,45.49861546196181,17.848801785993235,18.95951765157104
2.505243699718183,1.822995858347854,3.0671337391966973,61.674237267184495,58.60927436099762,55.83239052934083,15.977408657766453,33.35255620661065
2.546980593764742,2.8227614900858393,2.64705797959856,68.28053476831998,51.582884040340936,67.28537731407783,14.50577399380347,12.45953595366499
2.0499345285207564,1.9528792544159228,2.896442917225235,49.74129975194943,66.29611879599739,50.6059975763355,17.17987694750023,32.91823032567881
3.1228499323474987,1.837149238524919,1.3188844202874854,67.45282599951307,33.07999366470145,41.62529974335768,2.3387695739015726,17.423774764063534
1.4323795706174056,0.7121150872160646,0.7203703999323405,20.75246367107923,7.909501814008823,15.108853821354593,18.410347450313157,30.603456872760628
2.3576205149787066,2.3970028528217764,3.351200286759938,53.70049890834934,71.17266782459463,63.32809097977878,15.630889518309836,8.745479924019694
2.620295631711899,2.3163873449128602,1.7095881450420778,56.49868289281181,38.24874567329951,46.06164158948019,13.887625516108674,24.687233609317193
3.014438834058749,3.5306037786443683,1.7742502851904574,81.23733577114345,29.74368926004606,69.94399485033077,25.23431097859779,14.105838912419024
3.2116148780888896,1.5537774120375993,3.195374727664152,72.37457228913479,68.00138277205735,54.313150241339905,11.625329906047238,8.6778624646065
1.3753579081621308,1.9753202621311512,2.500607008460594,51.540071974706635,57.70179976127464,55.50339533814904,12.984620054674846,21.748272339287567
0.9658858292643777,1.9995069469686042,2.410298994873447,37.673612415855494,42.593255866246864,49.26288992352724,24.95776651102367,28.07577430876775
3.777676821898509,3.0619626238107793,3.948502110410976,89.78900094130772,74.3825281031482,87.91518606027917,10.839693475750718,13.24046849125203
2.8323140119795918,1.7237635740904385,1.4208335926578712,50.71705724983456,33.504979187374936,41.16270469493074,12.249423585317306,8.00787231633279
1.7515134634434464,2.0232172206162713,2.8350561152731135,43.79150515914431,58.05859885959051,67.54232419715467,14.26487288284575,19.26524188532036
4.051151975522523,2.2863172077732314,2.051311812407376,79.69153295102896,43.78361762434514,51.17372851467121,19.203672410647748,19.30051736978255
2.6156746342928585,1.9492872985250864,2.241733050976931,55.62375450838816,46.537607101541106,53.63551821781374,16.039012536766567,24.38655702043599
3.6792971840638264,1.4428531083595775,3.3756215837712786,68.77726975162922,69.4659112800663,58.31203400326499,8.536873264238686,27.596756570915908
2.567518481410109,1.955271994318646,2.4570521806606616,55.70504427585245,42.50868297165781,59.42724900906676,12.339157184364051,19.52467854982005
4.560747924881987,2.658905399887818,2.48446647114467,85.10377382022905,54.92591795600063,58.1263005143462,11.963227833938943,34.844026518354106
4.255340842443204,0.9787877604711518,2.965256603578822,77.35754152194727,65.15308203371531,51.053558932986085,14.613894773884772,21.793877956282333
2.2510358515209266,1.906375739317501,1.671542543411403,47.465580037289875,32.28389714788793,41.961532912163435,17.129218293149144,17.228587951944803
3.4715709509543555,1.2399033480486614,1.2447112993948943,65.66883206535769,24.676841238828576,29.494434883780183,17.09102877943986,7.107461127177377
3.1453759495851474,2.756037303139874,1.0596717253810697,85.11142562392583,13.537896994842782,46.247270764493194,6.119941229757989,17.89872383747066
3.868631557532349,0.5814504761729802,0.23027906956159838,59.24705516678292,7.176855171321142,11.00195653094833,20.319704937804282,17.30890443671091
1.5350765394198955,1.3528625221827293,3.85058641694629,23.903335699394074,79.87201554749652,61.860242053938435,16.262844229983116,27.682438370251763
3.1860514599984393,2.101769500051617,1.007112470850485,67.3784457910922,19.831294332013147,38.38014956667786,21.92266023796953,23.69986899253483
3.558424486849588,3.0524192233874725,1.8008717387728053,89.4053577116114,41.63920157480862,66.13008183373425,17.22099163645336,10.565047026939062
0.7412605135768857,1.7473997911416097,1.7508680300999715,38.38464288617235,33.346974447099726,46.90646228297506,20.50661478867881,21.3780350912883
1.316741487334225,1.3558403786454414,2.2766660280281905,27.1617781242057,48.35635019003181,47.93584984256807,17.332726557250634,25.372249373832428
0.4607678222398994,3.304925655552472,2.734163491285367,42.44427000530582,49.584948132246765,70.19137213193473,21.73112878101374,32.22425087510266
2.230593165555442,0.6415888796670048,2.774426139523771,37.54823399610141,55.370762036104225,36.545976089147686,17.611253180088895,27.100031739312474
3.217542255795962,0.04095523470393436,1.4752303052879554,48.1429444124581,28.63283481624493,22.97072927109144,14.510423767785479,26.086773234491822
4.002357052096028,2.152011560042666,1.8495904575922297,94.77718811695226,38.1183487620493,52.39945817426772,26.362173602234407,20.480687956921308
2.574094780419775,1.398356620517911,2.25432195543947,45.08013626949997,43.238804464622596,51.19549629024348,19.44518561139946,23.106496043387597
4.128615545571292,0.9830137462954294,1.7761779864348077,73.02806895399655,34.86619675033782,30.090397662916693,17.868722105022066,29.996039205649268
1.1198985417851086,2.3666851578394827,3.446611018417993,42.80379556399862,73.0624562255674,68.61181083828798,8.61847791730832,9.337780820162802
0.7966175606448453,1.9950405710169592,2.441877456474426,37.32860074453901,46.65372794329743,45.04559551726945,8.558461912682311,17.20448538226435
2.4444523011033814,1.3487370954106173,2.661390007444836,50.644071238011364,45.194914645203326,46.15916970396107,16.463577410709267,13.819450009950074
2.884065448939307,0.7757564810632844,2.5965931418006716,52.55879924224296,60.67978235704054,45.45104802726471,15.727605988841203,23.033224949808993
2.467305251905907,2.497965862624116,3.0561264717367926,60.03099456772081,68.02979982818829,64.31663111618991,11.92938717495842,29.8417774052063
0.4325578999601234,2.320160942366929,2.162919402833336,31.035612629296676,36.797074581138624,56.9993631184073,15.7049134980603,15.224205706231409
2.4108799604872115,1.7206593089764937,0.832851246839738,51.65383111958605,20.10556396302073,29.689611139805724,22.943134640217977,0.8775650602444962
1.1955304994951468,3.2773095968381325,2.3597191565773774,53.81391291008879,44.67950927879083,69.26463018209391,18.477012372751492,16.70223403980424
3.1696725488300386,0.943932186939078,1.413778795587354,55.13635842162319,29.593011988402377,22.554074841238847,9.294957451236309,27.30778985613925
2.8665982460968484,0.5795798632602089,1.5242449864252188,50.68027429356575,31.956020373571842,25.67194544439464,14.442455864285282,24.301039223599037
1.5601202136726449,1.2464735440950045,2.527727616879584,35.72022457761483,49.38251333601007,30.33473407719144,10.975167595737195,23.42548998248461
1.9861330826633066,1.7635311869156018,3.1144547642902722,53.05755936296646,58.37026695787346,57.60135062366057,13.061500417957195,17.76005358500416
1.4407864781110484,1.9946715594581534,2.0191444190624557,41.30154414830483,36.93018311966782,40.01342552367161,12.931921671851786,9.76775411024171
2.437320902726828,1.607011153714936,2.277949711339067,43.76476273701738,40.97803464937513,52.649502963382126,12.611772086979974,24.12235457299574
3.4551423205012384,2.0816443172114374,3.531993450171714,78.95318548320292,66.48075796228206,71.25068997242036,8.724323140133025,13.325745519723002
1.5142739536644563,0.7987684606476448,2.2166778615397114,26.173132407130197,43.99766578054745,38.51871077607868,14.361726592409049,37.47277386704365
3.004046515517844,2.9550116832586077,4.341514802762355,71.34198287210964,83.25149610969335,95.16334896804847,12.19696181576345,24.564057666836128
1.9697423816275592,1.734279057285945,2.50895868106839,43.91061982705538,53.58943394993089,46.174270256127826,0.35275654998866024,15.354813579568392
1.7071271677376558,2.693836665270502,0.41531351675976413,59.41746463462395,15.742501111874919,46.046618173940985,25.264860122508317,15.108918020890975
2.3929696400454423,2.0741802771021636,2.678007458994079,45.957976301809786,50.65988297303137,61.687210654456834,20.44384827108336,19.256446347091295
1.464757677580626,2.1654025753230273,2.3430425463945,59.31413358523963,48.057873430566886,52.9185650245156,13.11849637537502,18.083984623826
1.946350694652818,2.255813824185763,3.160777478674471,57.03368270698016,65.7139751250041,70.67719637023752,15.094095248702992,28.934670204239634
1.3021221074111515,2.158166848013852,2.6058632161429625,42.22969466195159,54.47727567745562,51.636893207823604,9.14172826341219,21.49132935795237
4.4647251329163895,2.3141782078940354,1.8753896144146036,89.83818906960477,37.88756862787251,46.1522430600653,23.47861438905433,14.146946088731776
2.535263551971729,2.863322024105945,0.8981315873395708,68.08994389492366,21.67604383859003,42.09449472114769,24.486443473865556,35.12352548124626
1.8002744920074143,1.9572169357611762,1.8118790684425772,49.18189887961967,38.64882613225483,42.58426351012496,15.783468641232623,20.394466652161782
2.713979910734222,2.36720300607081,1.23453159121163,67.60780665147172,18.50231971259611,37.93802695358802,20.117653220926723,26.150717407751173
2.38767195030917,1.7282114445702186,1.4775288951757495,55.87521603035698,33.896358225461356,44.58429941242824,15.876433894669619,15.134187940441926
2.279030400466777,2.9520937723595786,2.5297205639785485,64.15429713687368,55.03086546590468,64.48750003420838,8.316372805620347,22.90492502195619
3.114166700043425,1.2588861583525843,3.5029140539162658,58.31466998264058,66.2418505574324,58.9041273890106,12.940883155181714,22.48887992914556
3.257507710047305,3.2407523463286525,2.355204376840683,80.51377269572853,47.293776714051674,64.29972384596363,15.659639833859785,4.882805663230776
1.9694988523894725,1.7678736394845254,0.923705244168334,46.24667777892394,21.890749847422025,23.195930101091726,12.727261406282778,36.122200883685124
1.9241817593553199,0.6553799183055615,2.4001424013981265,41.08537605772074,46.95627893006572,38.016554628401366,13.90673361282482,30.325155687380377
2.224948302848356,1.9024835319286315,3.0769683379810857,55.36684347341596,66.90425699845177,50.19214756181772,14.543002212454427,16.8224374708321
0.19807883526441517,1.2551586740200955,1.451195386112556,0.8208260958457814,40.84327019534792,32.133078491164476,14.595607510672693,11.181842076353156
0.9848089378014477,2.4725148391909793,1.879384549994374,42.77678634158031,33.65776083671257,45.381217476060186,15.261292452487416,22.780492910428414
3.8668742674445244,1.2779008165580872,2.0132193752562775,71.75580315084261,33.35916448935667,49.429822297926414,9.696974668016995,20.693581595315173
4.144967713501284,1.4430532534281761,1.293591518225984,76.51150445457154,27.39092334254406,37.39655087072354,11.414919254360319,22.845351588505835
2.2509639604436216,0.2883674152435751,2.583452390459473,34.705541293645645,55.276860334820185,34.99060662479398,8.577078671500153,21.532619169552717
3.0765569630557663,1.4381549446007387,1.8911466662529965,66.15046749177395,36.66860145583608,46.27015271851817,19.889077748431003,24.04992791444741
2.811250154543536,-0.13910346130316542,2.377579199516325,45.51535001573567,54.81788730693168,22.63012897122924,4.471765290798377,31.578445595134454
5.578880808455238,0.5328777412114214,1.2012570399781097,85.14760119982472,17.332111800945952,23.52701426762484,20.767951716584626,24.54482564102917
3.6195749114345768,2.408331724915438,1.6062875297089305,80.41220235629571,35.590343709336665,49.17448322408598,21.931746986314216,11.60275600872047
2.3720824085192334,2.4286401269206657,2.6501432220449943,55.00935372428873,49.97356033710542,62.265500594256274,13.489097065086893,30.900502821699618
1.5444595593995742,2.1403660494279717,1.6644501631174098,37.67246306132867,41.88589279338468,52.01956205107842,1.9843145608635062,33.1249165079063
0.8935536797424275,1.0264190854966295,3.5542674661100646,20.53390992815288,81.04792608804189,58.63069913317934,13.193447190163548,45.21645387609668
2.703463635867223,1.7618309150864162,1.640327432946858,62.482231050786304,28.97326572002042,42.269518490524405,14.679079193555904,11.012047734083216
1.7436492547156965,1.7971179687275454,2.2022162531766973,48.89154373489133,41.296539383991046,39.71757348170944,9.947008900355433,21.9430561052022
1.0777462904023258,0.8733082486459658,2.839331748685781,27.46470394298101,61.08457440861463,39.751448491583645,12.423908030958787,3.343210374488102
1.8534271157574733,3.0027186414137206,0.7234708403602714,61.45407208473929,12.533763558257856,44.100729113309285,22.650975994316756,24.425193251033672
1.418451996385605,2.501889832460537,0.41527206921730175,48.876569705964236,8.078385294684844,35.472804691517325,18.324635811508706,15.614397614665819
4.187141635072565,1.623228660936269,0.6269093168869146,75.8320031593364,12.665128440450342,21.350637110508586,10.3771794281095,35.38756635859963
3.3816397569494505,1.8215086711956248,3.136325693084464,71.0992957895677,53.128148080700996,71.55239574925318,7.01200415202284,13.803080239851344
2.4920273586833828,1.966706246358042,1.503327668696798,61.04952046996958,29.997364643464774,49.22237725692595,13.364913411951145,6.486535696261907
3.979944138890026,0.16661210526056736,4.302379357101428,65.13673978502393,82.5989482717077,56.638489150306356,13.93271610324781,16.229890074379842
2.5773683076476184,1.6022580939835225,1.49217716120835,60.62767241192272,27.37792911216814,37.4934073687212,17.480995936816583,4.1960978302629
1.6387157986717362,1.2544126016017612,2.1660961728773334,40.666382232098975,50.540083474890736,39.98506044424338,12.323416437161704,26.00879563605848
4.0231240772696575,0.9987039920840676,3.387898957311088,72.09114211759345,61.475444674825475,47.87964309263069,17.557497876809308,3.4793356299494356
3.0389100436846586,1.5751197656912361,3.8054835993432103,66.68559950376438,80.1756979206041,64.95464297300767,24.675770200301145,20.22766064946527
1.4627538456735436,3.238149221479618,3.855353218972758,54.19019360365404,75.71224972779612,86.41079198614226,19.077505112221314,3.3775054411504257
2.309661321916392,2.312674289013608,3.087529607533828,53.36228946274337,60.35179130819739,58.593643881161114,14.759557463346137,17.437617563706866
1.6243817466152428,1.3430568081737626,2.921656273230316,36.980959461247444,62.384984944864875,52.84743906307344,14.084247644733527,33.14702524643627
1.117200269035664,2.258066225084927,2.5332742542810647,35.61415306235199,52.36574155846574,56.71979050826816,13.216634329100645,22.88518313148636
