Gene,Control_1,Control_2,Control_3,Patient_1,Patient_2,Patient_3
APP,109,127,86,208,264,307
SOD1,97,118,97,260,419,314
DYRK1A,112,101,84,298,357,216
RCAN1,130,87,93,548,472,331
DSCR1,95,113,62,463,269,359
COL6A1,95,107,104,286,407,286
Gene_7,131,117,100,109,45,120
Gene_8,115,112,83,69,87,109
Gene_9,90,120,113,121,90,85
Gene_10,110,89,118,90,112,97
Gene_11,90,126,67,98,100,131
Gene_12,90,103,84,126,71,114
Gene_13,104,141,84,74,80,100
Gene_14,61,86,81,72,103,95
Gene_15,65,134,116,88,98,101
Gene_16,88,103,96,120,88,89
Gene_17,79,86,94,69,90,57
Gene_18,106,90,59,43,113,140
Gene_19,81,93,112,90,89,103
Gene_20,71,108,75,111,98,107
Gene_21,129,110,101,124,143,98
Gene_22,95,88,105,90,71,85
Gene_23,101,99,127,91,62,96
Gene_24,71,142,73,123,115,68
Gene_25,89,134,39,62,86,145
Gene_26,102,108,103,92,93,75
Gene_27,76,100,136,103,84,79
Gene_28,107,102,124,108,94,91
Gene_29,87,112,104,89,131,125
Gene_30,94,79,90,100,116,100
Gene_31,87,94,116,50,117,75
Gene_32,137,66,80,86,71,125
Gene_33,99,107,109,109,76,114
Gene_34,78,112,110,80,43,110
Gene_35,116,90,121,101,83,114
Gene_36,75,131,155,108,119,147
Gene_37,104,75,107,93,110,143
Gene_38,60,70,89,103,95,86
Gene_39,73,104,99,80,99,132
Gene_40,103,120,64,95,86,107
Gene_41,114,133,86,112,104,109
Gene_42,103,90,91,103,115,66
Gene_43,97,121,89,88,67,96
Gene_44,93,99,103,104,105,83
Gene_45,70,96,83,114,118,116
Gene_46,85,117,122,59,91,121
Gene_47,90,113,100,123,114,58
Gene_48,121,68,99,93,156,99
Gene_49,106,129,93,108,97,122
Gene_50,64,127,103,123,107,96
Gene_51,106,87,116,72,85,114
Gene_52,92,107,82,85,103,107
Gene_53,86,109,86,94,109,106
Gene_54,112,105,93,84,103,94
Gene_55,120,88,73,134,79,75
Gene_56,118,86,83,82,104,77
Gene_57,83,99,90,88,129,114
Gene_58,93,123,117,104,108,100
Gene_59,106,110,105,75,119,97
Gene_60,119,92,103,92,95,91
Gene_61,90,115,117,106,114,93
Gene_62,96,43,97,93,105,120
Gene_63,77,122,107,98,80,93
Gene_64,76,65,97,89,106,73
Gene_65,116,92,105,69,80,114
Gene_66,127,77,88,106,87,95
Gene_67,98,74,51,135,103,100
Gene_68,120,123,97,100,105,132
Gene_69,107,90,128,104,76,99
Gene_70,87,106,118,113,121,105
Gene_71,107,99,119,74,111,76
Gene_72,130,109,124,134,85,95
Gene_73,99,101,101,104,69,112
Gene_74,131,74,103,132,97,68
Gene_75,47,119,87,85,91,104
Gene_76,116,90,93,136,102,102
Gene_77,101,68,112,115,92,100
Gene_78,94,91,124,111,59,120
Gene_79,101,130,97,104,92,106
Gene_80,60,117,90,95,93,129
Gene_81,95,93,100,124,112,80
Gene_82,107,93,112,102,86,102
Gene_83,129,93,71,60,133,101
Gene_84,89,141,54,77,61,78
Gene_85,83,107,88,96,126,119
Gene_86,89,108,75,106,95,146
Gene_87,118,120,89,98,117,99
Gene_88,106,104,97,124,101,110
Gene_89,89,94,90,60,122,101
Gene_90,110,96,129,102,92,85
Gene_91,101,98,106,63,78,63
Gene_92,119,99,106,115,128,85
Gene_93,85,114,112,98,97,72
Gene_94,93,101,77,108,104,134
Gene_95,92,114,120,82,124,97
Gene_96,70,98,98,125,79,93
Gene_97,105,101,113,120,111,117
Gene_98,105,60,78,111,88,77
Gene_99,100,118,68,97,97,84
Gene_100,95,106,116,111,101,101
Gene_101,71,119,107,85,69,120
Gene_102,91,42,81,117,84,110
Gene_103,93,141,82,132,127,104
Gene_104,83,97,122,121,117,101
Gene_105,96,122,76,85,98,108
Gene_106,108,79,132,107,104,104
Gene_107,137,112,81,74,94,79
Gene_108,103,78,112,111,127,100
Gene_109,105,87,93,109,95,78
Gene_110,98,138,112,62,104,101
Gene_111,61,96,89,76,122,90
Gene_112,99,104,96,94,84,150
Gene_113,101,117,100,93,131,99
Gene_114,149,109,79,75,69,71
Gene_115,96,103,114,107,132,97
Gene_116,106,107,89,105,92,110
Gene_117,99,148,95,96,95,133
Gene_118,76,98,80,84,62,88
Gene_119,122,104,48,120,90,68
Gene_120,115,121,96,133,79,116
Gene_121,115,122,148,90,87,72
Gene_122,81,123,115,87,97,91
Gene_123,128,112,99,109,119,94
Gene_124,71,77,94,92,104,98
Gene_125,111,132,100,97,106,113
Gene_126,143,77,110,114,78,86
Gene_127,80,106,76,61,82,94
Gene_128,88,84,122,126,135,99
Gene_129,101,98,114,101,85,102
Gene_130,89,106,114,91,133,101
Gene_131,68,106,108,98,95,108
Gene_132,101,108,100,99,100,116
Gene_133,78,132,113,65,121,107
Gene_134,109,109,111,129,125,109
Gene_135,81,95,92,100,97,68
Gene_136,130,119,88,108,92,101
Gene_137,84,123,102,119,98,109
Gene_138,93,75,130,79,106,114
Gene_139,116,111,75,109,117,86
Gene_140,75,114,70,94,100,86
Gene_141,104,94,103,116,112,88
Gene_142,126,127,101,57,132,110
Gene_143,67,96,103,98,107,120
Gene_144,103,102,104,87,106,91
Gene_145,105,96,95,108,69,118
Gene_146,115,100,129,109,47,102
Gene_147,75,78,67,85,107,97
Gene_148,73,71,83,85,98,95
Gene_149,110,131,97,97,89,114
Gene_150,105,83,67,82,104,106
Gene_151,105,80,96,116,98,145
Gene_152,106,56,133,92,122,82
Gene_153,86,87,100,41,101,110
Gene_154,104,73,104,92,85,89
Gene_155,105,132,74,79,119,82
Gene_156,85,120,87,67,95,99
Gene_157,137,86,92,75,110,102
Gene_158,109,145,93,102,90,158
Gene_159,76,119,125,126,87,96
Gene_160,113,93,111,106,101,77
Gene_161,80,50,77,87,100,105
Gene_162,115,145,104,109,109,58
Gene_163,123,72,109,90,94,98
Gene_164,83,67,122,86,63,100
Gene_165,119,120,131,76,91,115
Gene_166,108,148,79,64,115,119
Gene_167,116,127,83,92,94,89
Gene_168,137,111,74,103,95,96
Gene_169,95,111,95,98,119,84
Gene_170,84,117,109,91,85,77
Gene_171,82,115,119,81,69,106
Gene_172,83,105,98,112,96,74
Gene_173,98,102,93,73,90,91
Gene_174,106,98,103,115,80,80
Gene_175,105,84,83,79,96,110
Gene_176,116,94,141,84,109,136
Gene_177,100,66,67,70,99,73
Gene_178,129,98,103,89,106,62
Gene_179,94,80,140,119,136,97
Gene_180,154,77,100,110,93,100
Gene_181,112,103,96,119,105,104
Gene_182,82,127,92,110,89,91
Gene_183,78,118,96,77,83,95
Gene_184,109,68,127,93,88,107
Gene_185,95,80,55,84,90,120
Gene_186,114,118,130,126,107,60
Gene_187,109,80,71,76,146,92
Gene_188,98,95,94,117,85,104
Gene_189,83,111,91,117,91,81
Gene_190,69,80,111,136,98,134
Gene_191,91,102,68,91,107,87
Gene_192,117,73,109,114,105,99
Gene_193,104,87,140,145,125,111
Gene_194,75,106,72,87,51,88
Gene_195,103,68,103,69,52,63
Gene_196,107,108,86,62,90,91
Gene_197,82,99,108,114,121,120
Gene_198,103,111,100,62,68,93
Gene_199,101,104,87,92,39,83
Gene_200,77,127,109,108,111,118
Gene_201,107,102,136,103,104,93
Gene_202,111,91,96,108,78,89
Gene_203,121,102,114,104,80,102
Gene_204,121,110,74,125,80,115
Gene_205,72,100,80,80,102,147
Gene_206,81,100,109,86,87,116
Gene_207,110,85,129,84,109,123
Gene_208,110,86,107,116,42,89
Gene_209,110,71,93,118,82,79
Gene_210,177,134,99,109,77,101
Gene_211,111,75,74,123,94,102
Gene_212,122,86,112,76,89,78
Gene_213,119,85,117,133,115,96
Gene_214,113,117,90,130,62,107
Gene_215,93,94,90,114,100,107
Gene_216,115,124,105,135,111,110
Gene_217,84,86,91,66,137,105
Gene_218,95,105,98,89,90,89
Gene_219,90,83,141,85,106,89
Gene_220,101,142,95,114,63,76
Gene_221,146,76,92,78,52,135
Gene_222,62,106,87,115,116,100
Gene_223,113,112,114,127,99,95
Gene_224,67,108,96,113,123,81
Gene_225,90,96,87,105,72,158
Gene_226,121,97,126,80,110,78
Gene_227,101,100,128,83,137,91
Gene_228,78,97,87,124,108,108
Gene_229,85,119,62,115,105,112
Gene_230,113,144,120,99,100,119
Gene_231,85,88,86,91,68,136
Gene_232,104,72,115,59,127,110
Gene_233,100,98,60,78,87,78
Gene_234,86,151,117,138,110,94
Gene_235,142,83,75,74,68,106
Gene_236,112,132,114,103,76,141
Gene_237,59,133,100,120,128,72
Gene_238,103,88,80,74,93,124
Gene_239,86,111,91,103,129,103
Gene_240,117,132,113,118,98,116
Gene_241,84,92,102,100,63,97
Gene_242,97,95,111,157,117,83
Gene_243,110,88,139,66,88,115
Gene_244,117,79,68,121,113,113
Gene_245,75,87,132,96,100,119
Gene_246,93,75,102,115,69,99
Gene_247,90,100,82,108,103,88
Gene_248,86,84,73,85,143,68
Gene_249,135,104,96,104,109,116
Gene_250,108,68,118,62,98,108
Gene_251,74,106,97,112,121,80
Gene_252,118,116,130,105,104,89
Gene_253,142,60,70,112,104,90
Gene_254,120,107,99,121,78,70
Gene_255,69,124,74,107,104,83
Gene_256,90,75,107,102,120,77
Gene_257,125,133,117,82,83,91
Gene_258,85,108,91,85,128,85
Gene_259,108,85,47,123,98,67
Gene_260,115,98,103,128,82,140
Gene_261,81,111,108,95,119,125
Gene_262,98,101,108,100,94,84
Gene_263,35,110,124,81,115,105
Gene_264,79,81,78,123,94,108
Gene_265,94,103,113,113,98,123
Gene_266,75,71,123,138,109,83
Gene_267,132,97,64,82,105,121
Gene_268,71,81,106,92,60,89
Gene_269,91,85,89,104,77,73
Gene_270,102,124,98,112,118,114
Gene_271,128,121,106,95,97,125
Gene_272,71,112,90,82,89,151
Gene_273,123,78,86,117,72,76
Gene_274,100,93,100,114,78,113
Gene_275,80,124,78,81,59,91
Gene_276,109,102,78,127,97,115
Gene_277,103,146,113,123,88,70
Gene_278,87,107,77,102,80,74
Gene_279,101,103,113,101,98,84
Gene_280,92,93,109,111,107,101
Gene_281,102,102,65,82,141,87
Gene_282,113,96,86,100,69,113
Gene_283,131,114,123,56,123,120
Gene_284,75,119,80,117,119,111
Gene_285,142,84,90,68,84,132
Gene_286,60,73,109,130,104,108
Gene_287,96,63,115,93,90,75
Gene_288,111,110,94,95,103,127
Gene_289,105,77,88,87,130,87
Gene_290,87,56,128,94,112,118
Gene_291,95,107,134,128,110,131
Gene_292,90,149,119,50,91,109
Gene_293,88,99,101,125,70,70
Gene_294,116,116,83,106,95,81
Gene_295,107,101,83,75,124,126
Gene_296,86,98,110,78,69,96
Gene_297,117,118,108,133,78,101
Gene_298,106,94,128,81,102,115
Gene_299,116,105,113,76,80,113
Gene_300,112,106,69,122,84,105
Gene_301,83,86,121,106,91,95
Gene_302,88,119,80,81,72,93
Gene_303,114,96,92,104,80,117
Gene_304,112,84,105,79,114,111
Gene_305,99,110,139,122,73,94
Gene_306,102,82,162,121,68,121
Gene_307,125,100,112,110,87,97
Gene_308,88,99,96,107,114,82
Gene_309,110,121,110,135,96,84
Gene_310,95,109,117,99,90,80
Gene_311,95,99,93,76,100,94
Gene_312,121,116,135,108,65,124
Gene_313,116,127,104,141,109,83
Gene_314,116,111,109,79,107,103
Gene_315,126,100,113,92,91,86
Gene_316,100,73,108,108,120,94
Gene_317,113,78,116,98,77,69
Gene_318,93,93,87,80,122,95
Gene_319,106,87,88,122,103,96
Gene_320,97,96,77,146,93,110
Gene_321,101,101,108,103,99,104
Gene_322,111,110,115,81,97,76
Gene_323,83,98,109,69,124,121
Gene_324,141,109,133,105,78,104
Gene_325,79,101,99,122,84,103
Gene_326,75,60,113,109,120,99
Gene_327,123,81,78,99,88,89
Gene_328,115,97,92,88,118,104
Gene_329,112,75,113,78,133,109
Gene_330,112,111,116,116,91,65
Gene_331,99,130,94,118,113,89
Gene_332,82,124,98,69,76,94
Gene_333,101,95,69,131,115,105
Gene_334,86,129,92,111,103,123
Gene_335,119,102,117,127,109,84
Gene_336,97,93,111,73,87,90
Gene_337,83,87,110,72,66,89
Gene_338,93,93,100,97,110,83
Gene_339,108,92,100,110,58,93
Gene_340,88,103,86,135,93,115
Gene_341,83,103,113,114,118,78
Gene_342,104,100,108,95,103,108
Gene_343,104,108,109,79,138,65
Gene_344,89,123,89,124,120,88
Gene_345,90,118,56,80,86,93
Gene_346,104,70,121,132,100,133
Gene_347,71,48,90,94,99,94
Gene_348,71,118,82,131,68,55
Gene_349,85,72,113,113,81,60
Gene_350,95,95,92,97,88,100
Gene_351,106,76,121,89,59,112
Gene_352,129,63,112,93,100,107
Gene_353,117,110,113,108,95,103
Gene_354,96,115,72,101,66,123
Gene_355,99,88,124,88,108,89
Gene_356,79,48,105,96,114,117
Gene_357,99,89,92,101,104,67
Gene_358,94,107,102,57,93,81
Gene_359,106,70,64,109,111,63
Gene_360,83,103,108,80,113,94
Gene_361,110,99,79,76,106,99
Gene_362,130,111,72,66,83,102
Gene_363,97,102,69,64,105,101
Gene_364,108,80,122,72,123,81
Gene_365,113,123,87,85,88,96
Gene_366,91,96,130,139,141,70
Gene_367,104,99,89,89,89,127
Gene_368,100,81,65,103,100,93
Gene_369,101,91,77,108,86,90
Gene_370,84,82,124,102,104,131
Gene_371,100,96,96,98,65,75
Gene_372,109,134,89,76,89,77
Gene_373,129,72,103,129,78,78
Gene_374,119,67,110,136,102,98
Gene_375,143,129,122,66,119,108
Gene_376,84,95,128,79,112,114
Gene_377,117,86,92,94,52,151
Gene_378,103,120,73,80,140,55
Gene_379,143,87,91,110,105,112
Gene_380,83,136,105,85,84,88
Gene_381,83,113,80,143,103,88
Gene_382,88,90,80,123,103,87
Gene_383,57,143,106,104,86,81
Gene_384,89,87,99,120,103,133
Gene_385,84,114,100,122,87,116
Gene_386,103,105,84,88,91,100
Gene_387,106,126,95,83,86,127
Gene_388,137,131,81,101,71,69
Gene_389,119,100,117,117,102,73
Gene_390,88,84,120,102,111,56
Gene_391,82,109,63,68,110,86
Gene_392,109,86,81,83,116,103
Gene_393,73,140,70,98,106,102
Gene_394,136,102,86,98,89,102
Gene_395,123,92,98,139,116,71
Gene_396,90,103,71,72,72,116
Gene_397,65,73,81,110,81,104
Gene_398,127,80,79,129,80,114
Gene_399,97,124,104,145,121,62
Gene_400,124,86,101,91,118,106
Gene_401,68,79,85,109,109,76
Gene_402,88,110,103,111,121,92
Gene_403,100,123,89,103,82,110
Gene_404,100,114,94,98,106,101
Gene_405,90,119,133,108,97,82
Gene_406,112,84,126,49,116,100
Gene_407,78,71,74,113,97,69
Gene_408,97,130,116,102,92,123
Gene_409,102,93,116,95,110,95
Gene_410,110,94,77,140,117,122
Gene_411,114,126,116,86,86,89
Gene_412,77,111,130,91,98,89
Gene_413,69,109,77,139,78,84
Gene_414,125,143,81,83,50,117
Gene_415,106,87,120,88,104,85
Gene_416,85,118,105,97,112,112
Gene_417,131,101,111,116,105,92
Gene_418,102,105,106,104,61,60
Gene_419,123,130,107,74,92,88
Gene_420,101,110,73,89,55,76
Gene_421,141,110,120,87,127,100
Gene_422,135,121,123,98,78,76
Gene_423,95,92,95,108,125,118
Gene_424,119,83,99,108,118,98
Gene_425,112,79,69,64,81,96
Gene_426,127,60,110,121,77,113
Gene_427,80,141,111,105,107,119
Gene_428,113,77,98,127,83,99
Gene_429,121,95,122,108,102,84
Gene_430,64,94,93,122,90,64
Gene_431,76,106,111,109,64,86
Gene_432,59,116,79,126,55,87
Gene_433,94,117,99,110,104,102
Gene_434,114,88,96,98,88,93
Gene_435,130,96,104,145,88,113
Gene_436,101,105,92,117,113,87
Gene_437,132,95,97,111,123,98
Gene_438,72,132,116,74,94,123
Gene_439,65,109,91,74,93,106
Gene_440,98,114,67,105,110,98
Gene_441,107,113,134,102,72,87
Gene_442,99,123,127,87,104,87
Gene_443,58,103,74,102,111,82
Gene_444,98,74,113,131,113,89
Gene_445,73,107,89,113,61,115
Gene_446,113,86,105,77,84,95
Gene_447,107,89,105,97,82,73
Gene_448,81,111,95,83,101,135
Gene_449,89,124,84,92,109,106
Gene_450,78,100,86,91,129,71
Gene_451,98,106,81,90,90,91
Gene_452,119,134,83,74,90,102
Gene_453,80,104,98,97,122,134
Gene_454,110,152,85,88,105,77
Gene_455,89,111,113,41,125,119
Gene_456,84,64,129,141,105,127
Gene_457,97,115,88,121,76,87
Gene_458,79,107,104,92,73,94
Gene_459,88,125,109,100,68,79
Gene_460,76,113,109,76,113,95
Gene_461,139,97,101,133,123,99
Gene_462,100,75,114,137,136,113
Gene_463,86,95,109,103,116,121
Gene_464,104,82,75,120,123,85
Gene_465,97,88,117,103,88,60
Gene_466,95,111,117,73,76,99
Gene_467,112,133,84,91,117,105
Gene_468,115,107,100,102,108,104
Gene_469,89,76,113,90,102,93
Gene_470,88,108,95,95,107,102
Gene_471,94,123,121,98,106,130
Gene_472,53,87,147,98,125,107
Gene_473,69,97,84,101,125,92
Gene_474,127,100,72,78,110,89
Gene_475,132,84,106,85,116,96
Gene_476,95,112,114,74,110,132
Gene_477,111,97,95,119,90,96
Gene_478,106,108,129,57,115,99
Gene_479,161,82,73,123,72,90
Gene_480,122,91,113,127,121,121
Gene_481,97,114,87,93,76,139
Gene_482,80,92,134,47,105,109
Gene_483,67,134,139,92,83,101
Gene_484,104,92,84,98,111,100
Gene_485,84,104,89,79,99,52
Gene_486,71,118,117,89,68,114
Gene_487,87,71,92,130,108,102
Gene_488,78,64,99,113,88,108
Gene_489,133,69,100,81,117,85
Gene_490,117,125,61,68,100,92
Gene_491,99,88,99,93,107,91
Gene_492,129,151,86,95,80,120
Gene_493,101,88,90,109,88,92
Gene_494,82,103,128,89,90,141
Gene_495,130,130,74,110,117,108
Gene_496,110,140,116,138,133,74
Gene_497,79,141,94,116,83,97
Gene_498,96,124,94,99,121,86
Gene_499,82,120,115,96,56,56
Gene_500,72,111,106,92,76,131
Gene_501,118,115,111,123,80,114
Gene_502,138,88,119,87,72,110
Gene_503,72,83,93,100,68,103
Gene_504,111,99,87,101,108,72
Gene_505,86,96,78,89,95,90
Gene_506,90,90,83,72,107,116
Gene_507,88,113,158,106,113,78
Gene_508,82,119,124,98,105,49
Gene_509,100,101,72,110,113,95
Gene_510,83,129,73,89,98,97
Gene_511,105,77,109,124,76,102
Gene_512,98,96,110,82,121,114
Gene_513,95,85,110,134,88,112
Gene_514,81,62,94,65,81,105
Gene_515,88,98,97,108,96,123
Gene_516,115,97,106,109,81,69
Gene_517,110,130,101,84,91,110
Gene_518,80,112,55,108,106,112
Gene_519,101,79,95,125,106,75
Gene_520,115,137,82,55,82,69
Gene_521,66,124,103,110,90,85
Gene_522,110,111,159,50,121,86
Gene_523,86,95,107,80,109,115
Gene_524,111,80,93,132,141,87
Gene_525,84,92,118,88,123,82
Gene_526,63,121,109,76,122,87
Gene_527,67,137,108,96,72,122
Gene_528,100,130,112,141,115,100
Gene_529,105,90,141,63,98,96
Gene_530,81,77,77,78,88,97
Gene_531,112,102,109,129,103,125
Gene_532,66,64,81,137,118,85
Gene_533,98,106,111,97,110,126
Gene_534,75,97,81,75,82,104
Gene_535,86,90,91,141,114,96
Gene_536,100,68,94,131,87,150
Gene_537,82,110,119,113,104,78
Gene_538,92,89,118,83,93,92
Gene_539,120,76,75,99,95,75
Gene_540,88,42,101,96,115,119
Gene_541,116,99,85,106,79,133
Gene_542,77,135,74,129,138,133
Gene_543,110,133,95,117,63,124
Gene_544,128,90,93,78,88,96
Gene_545,50,87,148,127,107,92
Gene_546,84,109,108,106,111,66
Gene_547,111,80,72,113,97,140
Gene_548,95,106,88,129,98,109
Gene_549,107,115,120,77,108,90
Gene_550,87,124,141,99,95,126
Gene_551,101,97,68,89,127,80
Gene_552,96,95,62,68,116,108
Gene_553,123,82,137,106,117,96
Gene_554,105,83,107,150,80,112
Gene_555,106,95,82,63,98,98
Gene_556,91,107,110,99,93,70
Gene_557,90,118,47,112,79,101
Gene_558,91,83,100,102,107,120
Gene_559,107,129,106,97,89,99
Gene_560,91,94,118,74,113,115
Gene_561,105,99,79,104,78,79
Gene_562,141,85,101,84,134,99
Gene_563,117,51,81,56,82,87
Gene_564,93,117,105,123,104,114
Gene_565,124,114,82,119,115,100
Gene_566,91,94,91,101,88,113
Gene_567,59,101,80,104,117,121
Gene_568,79,110,113,121,75,113
Gene_569,62,68,117,104,129,105
Gene_570,92,89,95,118,100,80
Gene_571,100,115,100,94,88,99
Gene_572,133,74,71,126,94,89
Gene_573,106,105,94,106,116,93
Gene_574,95,72,98,103,88,92
Gene_575,116,109,152,74,85,80
Gene_576,55,99,77,105,95,60
Gene_577,104,67,129,83,76,86
Gene_578,115,123,119,87,136,103
Gene_579,70,85,105,83,88,73
Gene_580,122,83,135,78,116,100
Gene_581,106,104,107,142,104,138
Gene_582,91,122,107,126,80,120
Gene_583,112,79,98,138,99,132
Gene_584,145,101,124,75,115,107
Gene_585,103,108,121,101,96,123
Gene_586,104,113,87,74,123,85
Gene_587,90,103,73,86,120,87
Gene_588,83,92,95,81,118,45
Gene_589,116,83,83,124,90,123
Gene_590,82,101,98,92,78,130
Gene_591,101,78,124,121,87,88
Gene_592,90,41,90,112,103,94
Gene_593,109,108,99,146,110,84
Gene_594,106,118,101,70,56,107
Gene_595,120,52,116,125,99,122
Gene_596,89,79,55,122,103,65
Gene_597,94,112,87,80,94,108
Gene_598,80,141,104,120,125,94
Gene_599,91,100,124,106,108,102
Gene_600,107,85,90,95,126,109
Gene_601,115,96,62,83,95,96
Gene_602,81,127,112,85,118,97
Gene_603,117,87,87,140,132,95
Gene_604,127,84,76,100,126,119
Gene_605,108,90,87,115,78,108
Gene_606,137,80,96,84,94,104
Gene_607,84,102,87,84,93,74
Gene_608,75,132,55,121,109,92
Gene_609,64,106,117,73,113,117
Gene_610,129,94,125,91,83,100
Gene_611,113,94,113,100,101,113
Gene_612,98,68,77,102,59,135
Gene_613,105,117,95,96,128,120
Gene_614,77,98,99,107,89,101
Gene_615,148,96,111,113,101,89
Gene_616,102,163,113,114,93,48
Gene_617,102,105,85,80,122,96
Gene_618,114,84,101,94,43,93
Gene_619,109,91,109,123,99,107
Gene_620,104,122,129,117,97,96
Gene_621,84,102,114,72,90,93
Gene_622,109,71,115,107,134,64
Gene_623,137,118,101,60,82,81
Gene_624,126,86,128,100,115,109
Gene_625,131,137,108,137,107,134
Gene_626,89,121,82,81,125,98
Gene_627,80,91,128,83,86,106
Gene_628,97,125,113,115,85,119
Gene_629,101,101,91,69,121,83
Gene_630,121,117,90,87,108,107
Gene_631,66,109,105,111,69,85
Gene_632,130,83,109,87,89,117
Gene_633,96,87,103,95,107,103
Gene_634,91,120,106,114,116,105
Gene_635,79,93,133,108,86,84
Gene_636,66,91,121,105,41,114
Gene_637,116,80,103,93,110,141
Gene_638,101,108,118,107,75,79
Gene_639,74,141,79,97,59,93
Gene_640,74,78,107,109,43,104
Gene_641,93,100,136,90,116,115
Gene_642,133,128,95,96,102,88
Gene_643,94,98,83,80,95,43
Gene_644,69,109,86,99,127,127
Gene_645,95,78,78,83,112,115
Gene_646,94,108,84,77,132,65
Gene_647,46,96,92,105,72,87
Gene_648,98,119,71,104,99,131
Gene_649,95,123,100,115,67,128
Gene_650,113,151,118,91,95,118
Gene_651,136,111,81,108,95,96
Gene_652,122,106,130,111,112,101
Gene_653,94,103,110,108,100,97
Gene_654,77,92,120,83,112,122
Gene_655,151,106,86,102,114,82
Gene_656,101,94,117,107,143,83
Gene_657,100,103,78,100,93,120
Gene_658,99,126,117,58,81,99
Gene_659,103,79,103,103,104,127
Gene_660,97,122,111,144,83,86
Gene_661,88,126,76,92,129,98
Gene_662,89,97,82,85,94,81
Gene_663,99,57,111,107,88,100
Gene_664,89,87,81,106,90,70
Gene_665,85,125,109,123,114,90
Gene_666,102,99,72,74,96,71
Gene_667,94,80,116,114,87,113
Gene_668,130,89,75,111,133,114
Gene_669,46,116,111,97,82,65
Gene_670,121,110,112,106,100,126
Gene_671,124,95,86,120,113,149
Gene_672,58,92,111,117,67,100
Gene_673,93,92,105,77,109,87
Gene_674,92,81,89,116,78,156
Gene_675,71,132,79,98,116,73
Gene_676,84,93,60,101,80,100
Gene_677,77,124,106,101,113,103
Gene_678,135,130,68,96,122,126
Gene_679,118,119,101,123,117,107
Gene_680,125,91,94,98,105,90
Gene_681,114,108,113,77,95,80
Gene_682,77,99,93,92,88,93
Gene_683,89,81,93,103,129,79
Gene_684,109,106,114,124,86,100
Gene_685,75,76,106,112,79,88
Gene_686,114,123,106,82,113,70
Gene_687,95,90,109,149,84,125
Gene_688,92,104,69,105,80,90
Gene_689,114,105,115,125,71,74
Gene_690,108,94,112,96,90,96
Gene_691,92,111,79,110,98,101
Gene_692,123,90,95,116,104,65
Gene_693,78,117,99,124,119,106
Gene_694,112,73,97,121,110,79
Gene_695,111,102,106,117,96,134
Gene_696,93,138,128,93,96,110
Gene_697,106,79,121,88,110,92
Gene_698,74,86,73,106,125,85
Gene_699,118,110,112,118,102,97
Gene_700,96,103,126,95,90,112
Gene_701,89,107,107,121,80,99
Gene_702,120,109,121,129,71,95
Gene_703,85,112,140,81,113,101
Gene_704,71,122,120,83,111,87
Gene_705,68,108,104,97,111,93
Gene_706,112,95,120,106,97,58
Gene_707,74,113,102,89,128,119
Gene_708,135,137,100,127,90,105
Gene_709,58,97,92,108,119,84
Gene_710,133,80,131,100,99,137
Gene_711,104,122,83,71,87,101
Gene_712,98,97,130,73,111,79
Gene_713,89,56,109,105,108,117
Gene_714,107,116,72,57,107,107
Gene_715,99,89,107,120,101,107
Gene_716,122,98,57,96,99,91
Gene_717,102,106,112,164,147,109
Gene_718,103,103,117,146,123,94
Gene_719,92,114,88,96,114,111
Gene_720,98,91,102,97,102,61
Gene_721,106,110,139,119,120,91
Gene_722,65,94,89,134,110,134
Gene_723,73,114,78,67,100,84
Gene_724,114,112,129,64,93,87
Gene_725,103,81,139,87,98,91
Gene_726,96,121,100,111,36,75
Gene_727,100,89,120,109,104,55
Gene_728,106,116,126,121,90,95
Gene_729,89,107,85,76,131,102
Gene_730,84,136,90,53,100,98
Gene_731,103,95,124,117,76,97
Gene_732,80,93,133,83,99,100
Gene_733,108,99,111,59,79,120
Gene_734,65,93,82,102,109,96
Gene_735,120,115,139,115,105,88
Gene_736,109,67,89,97,119,94
Gene_737,105,78,93,90,84,111
Gene_738,119,78,106,96,100,128
Gene_739,133,119,131,92,72,87
Gene_740,120,134,117,73,114,101
Gene_741,63,97,108,85,110,106
Gene_742,74,96,109,110,109,80
Gene_743,87,101,100,106,100,100
Gene_744,100,123,111,103,108,70
Gene_745,110,81,49,80,132,64
Gene_746,85,104,94,96,94,107
Gene_747,103,119,104,56,102,92
Gene_748,84,110,76,103,78,104
Gene_749,87,103,107,128,82,99
Gene_750,71,120,95,70,101,80
Gene_751,81,45,135,88,122,99
Gene_752,72,113,131,106,94,75
Gene_753,80,86,90,125,95,127
Gene_754,121,63,96,91,91,72
Gene_755,81,110,98,86,89,96
Gene_756,152,127,90,60,105,79
Gene_757,109,97,103,102,70,111
Gene_758,103,119,84,140,125,93
Gene_759,82,132,77,105,86,89
Gene_760,114,126,112,99,114,117
Gene_761,88,132,112,106,74,100
Gene_762,102,114,83,99,113,110
Gene_763,151,101,117,83,113,80
Gene_764,98,67,87,116,107,71
Gene_765,122,95,105,104,80,102
Gene_766,85,83,116,100,104,93
Gene_767,99,143,99,80,76,112
Gene_768,135,96,109,126,94,98
Gene_769,87,102,89,113,120,104
Gene_770,136,111,96,88,115,67
Gene_771,114,100,95,120,100,137
Gene_772,88,133,85,90,80,96
Gene_773,112,87,96,84,112,113
Gene_774,119,103,69,84,100,83
Gene_775,112,85,90,64,53,106
Gene_776,68,73,94,109,115,73
Gene_777,85,87,94,63,99,109
Gene_778,95,99,95,75,124,92
Gene_779,98,91,98,58,78,100
Gene_780,112,86,109,98,36,113
Gene_781,103,71,117,96,105,75
Gene_782,73,98,87,93,105,86
Gene_783,107,69,75,79,66,109
Gene_784,112,115,79,76,80,141
Gene_785,111,101,90,109,155,97
Gene_786,121,70,92,88,93,111
Gene_787,116,93,84,106,114,97
Gene_788,109,84,74,82,86,138
Gene_789,98,106,90,103,58,65
Gene_790,66,126,103,126,96,101
Gene_791,108,62,111,111,94,67
Gene_792,104,102,88,91,92,49
Gene_793,105,96,91,105,97,105
Gene_794,74,113,81,95,105,102
Gene_795,78,104,99,100,96,94
Gene_796,121,84,83,93,74,97
Gene_797,99,93,111,96,109,161
Gene_798,113,84,64,104,61,94
Gene_799,100,121,92,80,58,110
Gene_800,100,100,106,79,114,87
Gene_801,118,138,103,72,110,105
Gene_802,89,98,153,67,98,95
Gene_803,101,85,106,75,72,91
Gene_804,90,69,79,103,85,136
Gene_805,91,63,98,82,94,123
Gene_806,93,68,64,110,68,102
Gene_807,104,105,98,100,85,53
Gene_808,90,110,83,60,113,92
Gene_809,125,68,118,113,128,154
Gene_810,82,117,89,116,91,95
Gene_811,96,90,97,80,115,122
Gene_812,91,102,87,108,61,128
Gene_813,128,132,134,82,113,104
Gene_814,103,117,93,101,83,83
Gene_815,120,94,136,74,106,51
Gene_816,70,82,116,64,95,113
Gene_817,105,56,109,92,126,83
Gene_818,117,85,107,97,82,103
Gene_819,101,95,107,92,112,75
Gene_820,121,80,61,76,94,94
Gene_821,89,97,94,92,96,100
Gene_822,128,101,116,105,96,105
Gene_823,145,95,99,99,83,77
Gene_824,92,86,71,103,99,123
Gene_825,91,103,98,86,98,88
Gene_826,129,108,134,123,104,66
Gene_827,131,78,124,76,101,97
Gene_828,89,128,98,109,115,100
Gene_829,91,98,119,123,118,103
Gene_830,94,100,92,109,78,127
Gene_831,73,114,65,95,117,95
Gene_832,81,104,81,89,76,97
Gene_833,79,119,131,120,111,77
Gene_834,84,105,94,71,112,116
Gene_835,99,87,95,80,61,103
Gene_836,104,107,94,92,101,91
Gene_837,131,77,138,124,90,61
Gene_838,80,102,132,107,84,128
Gene_839,119,99,144,80,127,75
Gene_840,95,95,96,93,86,88
Gene_841,99,97,105,87,83,107
Gene_842,113,62,69,85,101,76
Gene_843,77,89,129,119,113,70
Gene_844,107,101,76,72,97,57
Gene_845,103,103,104,132,123,114
Gene_846,109,79,78,116,110,89
Gene_847,105,125,88,121,56,158
Gene_848,149,82,83,90,89,80
Gene_849,87,119,87,97,88,81
Gene_850,89,108,89,71,109,88
Gene_851,87,87,89,89,47,104
Gene_852,88,135,116,109,150,90
Gene_853,87,76,77,125,110,112
Gene_854,123,118,104,77,102,80
Gene_855,128,120,124,92,123,72
Gene_856,88,86,89,96,146,64
Gene_857,83,127,85,72,117,55
Gene_858,109,94,95,111,118,89
Gene_859,88,105,123,85,102,93
Gene_860,112,105,103,96,97,87
Gene_861,104,97,89,90,90,124
Gene_862,69,116,109,84,83,124
Gene_863,130,115,77,99,86,93
Gene_864,135,65,113,95,72,64
Gene_865,87,126,108,92,98,88
Gene_866,92,66,93,85,66,88
Gene_867,105,120,83,106,103,86
Gene_868,106,122,82,133,99,86
Gene_869,113,78,110,102,102,86
Gene_870,140,91,124,119,89,92
Gene_871,96,77,87,72,161,87
Gene_872,84,95,109,103,127,104
Gene_873,72,93,58,78,75,107
Gene_874,85,115,88,70,104,81
Gene_875,99,126,99,85,87,125
Gene_876,135,127,81,123,79,80
Gene_877,89,88,81,119,73,67
Gene_878,104,95,86,104,108,107
Gene_879,99,66,105,69,86,83
Gene_880,123,83,96,96,119,106
Gene_881,150,119,55,106,119,51
Gene_882,89,132,57,103,127,127
Gene_883,90,75,87,63,82,113
Gene_884,120,88,109,82,109,69
Gene_885,113,99,45,98,112,70
Gene_886,136,105,90,110,90,133
Gene_887,111,83,89,56,84,85
Gene_888,92,108,127,96,132,83
Gene_889,111,90,92,102,104,54
Gene_890,122,99,107,116,112,92
Gene_891,116,110,102,113,83,95
Gene_892,110,100,57,111,75,114
Gene_893,121,91,115,84,88,72
Gene_894,123,97,104,61,97,69
Gene_895,127,98,110,92,78,109
Gene_896,112,92,178,120,99,120
Gene_897,96,94,58,127,66,68
Gene_898,102,131,134,114,77,121
Gene_899,124,111,94,108,113,100
Gene_900,83,94,105,107,112,121
Gene_901,107,113,99,88,92,98
Gene_902,92,93,91,97,79,49
Gene_903,100,123,88,133,79,96
Gene_904,125,107,106,81,92,121
Gene_905,103,97,69,132,112,82
Gene_906,100,108,115,93,118,92
Gene_907,72,68,91,126,90,96
Gene_908,114,77,77,71,76,42
Gene_909,112,76,90,111,105,133
Gene_910,143,102,125,85,83,81
Gene_911,93,134,89,71,89,110
Gene_912,104,144,107,104,126,98
Gene_913,104,112,85,120,116,125
Gene_914,131,110,115,83,103,108
Gene_915,98,63,113,70,74,95
Gene_916,105,89,136,98,104,82
Gene_917,112,84,96,98,121,115
Gene_918,103,87,113,110,92,62
Gene_919,91,96,101,118,127,112
Gene_920,103,90,125,98,125,78
Gene_921,121,60,85,137,133,125
Gene_922,79,114,114,104,106,103
Gene_923,102,78,96,93,111,112
Gene_924,85,104,98,67,128,101
Gene_925,123,141,101,94,108,64
Gene_926,69,81,105,93,89,82
Gene_927,88,49,97,119,91,113
Gene_928,107,94,104,109,104,103
Gene_929,131,122,131,76,74,123
Gene_930,98,139,119,103,97,108
Gene_931,88,75,117,113,121,80
Gene_932,137,109,90,130,56,84
Gene_933,71,90,82,117,130,102
Gene_934,56,97,119,115,122,53
Gene_935,108,152,117,101,90,133
Gene_936,89,69,129,107,110,108
Gene_937,79,105,87,124,100,124
Gene_938,114,109,95,73,124,68
Gene_939,104,121,67,93,119,124
Gene_940,88,101,92,84,71,144
Gene_941,74,106,119,107,111,73
Gene_942,117,92,90,124,95,115
Gene_943,113,105,112,88,101,100
Gene_944,98,93,96,52,85,69
Gene_945,136,112,106,91,134,109
Gene_946,78,92,77,118,120,116
Gene_947,69,107,101,110,85,87
Gene_948,86,99,40,108,73,123
Gene_949,99,122,96,94,92,66
Gene_950,104,98,67,74,108,70
Gene_951,95,64,124,110,104,102
Gene_952,107,125,115,83,125,100
Gene_953,74,81,109,143,115,85
Gene_954,128,86,130,111,119,116
Gene_955,98,88,81,88,106,110
Gene_956,122,127,134,87,72,117
Gene_957,106,57,118,98,96,97
Gene_958,109,162,95,95,121,112
Gene_959,111,121,122,122,98,91
Gene_960,108,104,77,103,110,141
Gene_961,112,98,83,85,93,83
Gene_962,126,105,87,137,79,142
Gene_963,103,110,89,100,97,100
Gene_964,114,112,78,115,106,72
Gene_965,98,111,124,87,86,127
Gene_966,128,101,94,107,95,102
Gene_967,86,96,107,106,81,117
Gene_968,136,96,88,62,122,124
Gene_969,99,96,63,140,94,106
Gene_970,71,122,105,125,129,88
Gene_971,102,111,61,92,130,119
Gene_972,86,41,98,77,98,100
Gene_973,116,113,72,106,79,113
Gene_974,86,103,139,101,58,56
Gene_975,91,99,118,107,70,108
Gene_976,62,92,102,103,72,87
Gene_977,90,122,125,110,127,133
Gene_978,51,118,83,128,102,112
Gene_979,68,84,110,111,107,104
Gene_980,115,108,103,79,55,109
Gene_981,115,80,105,127,76,80
Gene_982,108,72,125,132,117,132
Gene_983,80,87,114,163,105,139
Gene_984,99,117,105,77,97,107
Gene_985,99,119,66,104,111,131
Gene_986,76,110,80,58,132,88
Gene_987,130,114,97,111,95,84
Gene_988,117,110,101,89,101,100
Gene_989,95,87,77,138,103,108
Gene_990,100,108,148,84,147,92
Gene_991,104,116,130,66,58,110
Gene_992,59,115,112,90,113,106
Gene_993,95,123,101,60,97,80
Gene_994,86,114,95,115,111,110
Gene_995,79,107,80,58,86,117
Gene_996,94,121,101,100,99,103
Gene_997,135,99,105,58,114,123
Gene_998,112,82,75,93,162,75
Gene_999,88,96,106,132,116,109
Gene_1000,111,85,96,107,83,76
