Gene,Log2FC,P_value,X_Log10_P,-Log10_P
APP,1.26656367095099,0.0211997650492817,0,1.67366895220172
SOD1,1.63904069369498,0.0372262065935477,0,1.42915121678795
DYRK1A,1.52245781446082,0.038313385713867,0,1.41664946817147
RCAN1,2.10465155727971,0.0276206505298768,0,1.55876609700254
DSCR1,2.01050575004076,0.0323925949494754,0,1.48955425955091
COL6A1,1.64938122492404,0.0299948700854716,0,1.52295301474953
Gene_7,-0.453821248205274,0.407908450311938,0,0.389437297659539
Gene_8,-0.233467677071532,0.386652088030625,0,0.412679640166574
Gene_9,-0.131583719724784,0.568669560071925,0,0.245140018181111
Gene_10,-0.0794677597528777,0.610661627293852,0,0.214199369308414
Gene_11,0.249340017989552,0.498134033708236,0,0.302653785216524
Gene_12,0.128824814893788,0.575090451196434,0,0.240263843369281
Gene_13,-0.348834465725402,0.273047779265145,0,0.563761351290369
Gene_14,0.240178322296194,0.3113672025592,0,0.506727135177361
Gene_15,-0.0713530143250622,0.698031818805446,0,0.15612478021829
Gene_16,0.0367879244253499,0.790607176355277,0,0.102039247876488
Gene_17,-0.279889515598601,0.274928547707393,0,0.560780162055116
Gene_18,0.0919069209974905,0.699596692620083,0,0.155152252338362
Gene_19,-0.0107441213471491,0.903379328874126,0,0.0441298511872998
Gene_20,0.335187401545952,0.213614750613039,0,0.670368761528014
Gene_21,0.091952294944651,0.622820998337303,0,0.205636753669288
Gene_22,-0.228210663302549,0.137857205284443,0,0.860570530004371
Gene_23,-0.405175603334055,0.136925937156674,0,0.863514277964784
Gene_24,0.127150686147655,0.830222268905431,0,0.0808056217970075
Gene_25,0.239817063320265,0.793431125391088,0,0.100490766654339
Gene_26,-0.271149797957327,0.0826704601951091,0,1.08264964481277
Gene_27,-0.197090452413689,0.483068994791813,0,0.315990836293126
Gene_28,-0.181856808281296,0.194539593398407,0,0.710991996165957
Gene_29,0.17322368015648,0.41775502930127,0,0.379078312985399
Gene_30,0.262403113889996,0.0661094935428802,0,1.17973616990567
Gene_31,-0.365552013924909,0.459561667815882,0,0.337656203113228
Gene_32,0.0252282568901308,0.990797498538643,0,0.00401509854586512
Gene_33,-0.0954890334329725,0.702621227723474,0,0.153278733359959
Gene_34,-0.441559363023456,0.386560987602226,0,0.412781977839804
Gene_35,-0.13288796055012,0.503436278837088,0,0.298055491348151
Gene_36,0.102268144783369,0.880329330479538,0,0.0553548282434473
Gene_37,0.267289728732293,0.332852535437279,0,0.477748130548796
Gene_38,0.385336053771244,0.108904173230918,0,0.962955477669082
Gene_39,0.15714451836358,0.557744957570744,0,0.253564347371512
Gene_40,0.0470409100964044,0.986325976694667,0,0.00597952878798497
Gene_41,-0.0129128478816343,0.864208348151166,0,0.0633815427708262
Gene_42,-0.0357621368901215,1,0,0
Gene_43,-0.291397054534634,0.223125411402434,0,0.65145096578343
Gene_44,-0.0214671215284579,0.906388546017997,0,0.0426855912653679
Gene_45,0.489565049788384,0.0451523296833114,0,1.34531983687861
Gene_46,-0.296744140058253,0.461207420454636,0,0.33610371387392
Gene_47,-0.105522242140713,0.91040264684096,0,0.0407664883097771
Gene_48,0.26998260207607,0.476017872951087,0,0.322376740602387
Gene_49,0.00232834104137858,0.980579528908697,0,0.00851717755403807
Gene_50,0.195396374522642,0.633835954264641,0,0.198023129147211
Gene_51,-0.203227986698453,0.453037848626533,0,0.343865513742121
Gene_52,0.070835410129412,0.662902703458917,0,0.178550209833133
Gene_53,0.141811867678213,0.367106695703845,0,0.435207694273694
Gene_54,-0.141000668682094,0.283147656438835,0,0.547987028598265
Gene_55,0.0142070571706121,0.926256295154088,0,0.0332688273889794
Gene_56,-0.118463838020046,0.599137004198903,0,0.222473856468562
Gene_57,0.266541014062349,0.23716464313331,0,0.624950055765781
Gene_58,-0.0835956287438373,0.528428204294453,0,0.277014010431937
Gene_59,-0.164758451382379,0.514254331530576,0,0.288822041583837
Gene_60,-0.166268618990481,0.264006434457755,0,0.578385488223188
Gene_61,-0.0356242652216494,0.793177567245888,0,0.100629577067708
Gene_62,0.509106079525266,0.263018450181553,0,0.580013785612937
Gene_63,-0.153002917241029,0.480976514805698,0,0.317876128905376
Gene_64,0.172294314730403,0.49622848286511,0,0.30431831141381
Gene_65,-0.274273638160222,0.353899715714776,0,0.451119786228135
Gene_66,0.00824181864365148,0.940269486799587,0,0.0267476571910371
Gene_67,0.629166337808881,0.0973250380173135,0,1.01177541796473
Gene_68,-0.0154516729868313,0.942026096836995,0,0.0259370658320563
Gene_69,-0.216340383216557,0.337189250419848,0,0.472126279117751
Gene_70,0.131943812648146,0.425541483744615,0,0.371058096488448
Gene_71,-0.334224711432775,0.211718817042505,0,0.674240541250521
Gene_72,-0.230841382416703,0.395604978751601,0,0.40273825137531
Gene_73,-0.108333125563813,0.725507948688996,0,0.139357825055523
Gene_74,-0.0650452638669528,0.889535839127874,0,0.050836549635235
Gene_75,0.237595837819421,0.712424829329884,0,0.14726095297487
Gene_76,0.179428308622408,0.389076415858354,0,0.409965093465078
Gene_77,0.151407509274182,0.600552004557087,0,0.221449379078284
Gene_78,-0.142031031369777,0.78905290262358,0,0.102893878226216
Gene_79,-0.108562290816285,0.504133380194018,0,0.297454545660209
Gene_80,0.280248046101275,0.460081471425598,0,0.337165256454072
Gene_81,0.109350138270437,0.552340134851863,0,0.25779339836349
Gene_82,-0.104570255347043,0.400345289901809,0,0.39756527664023
Gene_83,-0.0258765987187495,0.990787649036501,0,0.00401941588184711
Gene_84,-0.293193550644264,0.466317996698834,0,0.331317823412816
Gene_85,0.290849922886395,0.148809931171207,0,0.827368084187114
Gene_86,0.339378965802827,0.254917717631077,0,0.593599978567608
Gene_87,-0.0498927458986786,0.734859602130392,0,0.133795626690412
Gene_88,0.120734381600403,0.297733194601521,0,0.526172742684149
Gene_89,-0.00794205332856635,0.871839823540967,0,0.0595632973404893
Gene_90,-0.254924142857447,0.181365265575911,0,0.741445883831223
Gene_91,-0.57982273342505,0.0104316268019065,0,1.98164795849596
Gene_92,0.00108641115617836,0.930582974166071,0,0.0312448975295583
Gene_93,-0.219347581662275,0.310992012972629,0,0.507250764563054
Gene_94,0.348943008994167,0.106000469035566,0,0.974692213045537
Gene_95,-0.115992846400927,0.638193320882195,0,0.195047745299489
Gene_96,0.148445503467006,0.569366044975739,0,0.2446084362396
Gene_97,0.125208465998202,0.098788315167174,0,1.00529442138935
Gene_98,0.20201734386102,0.543146265983812,0,0.265083201800141
Gene_99,-0.00758102615659606,0.87512700557401,0,0.0579289140436371
Gene_100,-0.014862866901705,0.859123935316877,0,0.0659441812889557
Gene_101,-0.11909736343088,0.731771893644945,0,0.135624275184639
Gene_102,0.593023712157486,0.15715343867135,0,0.803676111753282
Gene_103,0.230050850212689,0.494289588754852,0,0.306018537008242
Gene_104,0.178754652221005,0.409586169683867,0,0.387654716415494
Gene_105,0.00486393711245459,0.950753805614907,0,0.0219319275474643
Gene_106,0.0126612274434112,0.938655609255042,0,0.0274937202309135
Gene_107,-0.388551010032417,0.223589749873417,0,0.6505481098887
Gene_108,0.213722325358671,0.311504639610807,0,0.506535480489992
Gene_109,-0.0239459874850718,0.929092760923431,0,0.0319409237393465
Gene_110,-0.401508624026924,0.20731937987961,0,0.683360098864274
Gene_111,0.223711145776386,0.466396360570246,0,0.331244847165051
Gene_112,0.0865455780552509,0.684999291761258,0,0.164309877535803
Gene_113,0.00985309557522829,0.906663693695213,0,0.042553774744891
Gene_114,-0.594990322359013,0.181855985767749,0,0.740272399623729
Gene_115,0.0930123901690907,0.558249942511185,0,0.253171312980352
Gene_116,0.0244291823756821,0.843879800127548,0,0.0737194086574231
Gene_117,-0.0656742258639946,0.791777957917658,0,0.10139659261662
Gene_118,-0.124529624351706,0.562439320282431,0,0.249924325284181
Gene_119,0.0879041557102962,0.963153689838218,0,0.0163044072440857
Gene_120,-0.0434163899830153,0.94471195596407,0,0.0247005883207654
Gene_121,-0.620871067737654,0.0268808590102201,0,1.5705568569933
Gene_122,-0.190675297107671,0.372962802760333,0,0.4283344801524
Gene_123,-0.0723854967163469,0.63696245134246,0,0.195886168379585
Gene_124,0.285859373406085,0.111603016072089,0,0.952324068429214
Gene_125,-0.110593998543163,0.454687155203065,0,0.342287314330682
Gene_126,-0.21917626389482,0.484431817189919,0,0.314767340392277
Gene_127,-0.149670726638641,0.569655632650149,0,0.244387604039118
Gene_128,0.297454948451296,0.24670118598613,0,0.607828762687021
Gene_129,-0.120693796379556,0.322640286415376,0,0.491281405466834
Gene_130,0.0610887849370272,0.738546883653795,0,0.131621930052989
Gene_131,0.121442559207149,0.680777693393815,0,0.166994682939168
Gene_132,0.0245370808699024,0.764332712124942,0,0.116717552960704
Gene_133,-0.153978079586076,0.68738277838074,0,0.16280135283293
Gene_134,0.136977700315369,0.203557275167264,0,0.691313371257879
Gene_135,-0.0334091776006993,0.934264800257297,0,0.0295300135006292
Gene_136,-0.145426183418638,0.44735176018204,0,0.349350849511374
Gene_137,0.0891730518349974,0.687274302475376,0,0.162869894271916
Gene_138,0.0243152551914037,0.987202433049245,0,0.00559378295167699
Gene_139,0.0604330345502122,0.845259386418771,0,0.0730099977911281
Gene_140,0.142615301012943,0.670504478837731,0,0.173598316801174
Gene_141,0.0605787562756088,0.634732957851362,0,0.197408950809455
Gene_142,-0.317810243921598,0.506079341704337,0,0.295781390347654
Gene_143,0.305097319313037,0.214477389917782,0,0.668618484138949
Gene_144,-0.125575067298325,0.285753324645099,0,0.544008708031118
Gene_145,-0.0401702308138825,0.984431936335749,0,0.00681430562607336
Gene_146,-0.495245849826262,0.280302768650753,0,0.552372612536518
Gene_147,0.385563666036583,0.0489283790243521,0,1.31043917198665
Gene_148,0.28962936188428,0.0348428509340367,0,1.45788631708961
Gene_149,-0.167155612811503,0.367338649572886,0,0.434933374913166
Gene_150,0.207683738940632,0.416208747607495,0,0.380688796306655
Gene_151,0.340620866302694,0.190855667641742,0,0.719294938733031
Gene_152,0.0720888522568455,0.990400302053755,0,0.00418923587216113
Gene_153,-0.233809322045819,0.77950629377363,0,0.108180373945154
Gene_154,-0.0602225796071307,0.678742580730289,0,0.168294904608261
Gene_155,-0.136054486239154,0.65194250951022,0,0.185790700132058
Gene_156,-0.162759359622591,0.533642426799573,0,0.272749649495445
Gene_157,-0.120594285586006,0.657095635605891,0,0.182371417360653
Gene_158,-0.00619833380534818,0.971310311479399,0,0.0126420007475458
Gene_159,-0.0343093040689153,0.860032236202623,0,0.0654852699860423
Gene_160,-0.165179746888364,0.378771028177717,0,0.421623247154878
Gene_161,0.515961997411308,0.077232317212116,0,1.1122009347675
Gene_162,-0.43889619842085,0.240843497751054,0,0.618265074194706
Gene_163,-0.0727912380607663,0.678822455133852,0,0.168243799855507
Gene_164,-0.107046596922605,0.718154204480312,0,0.143782292576166
Gene_165,-0.407272820120693,0.111006927038616,0,0.954649919584687
Gene_166,-0.174013845453969,0.668619426627128,0,0.174821009205615
Gene_167,-0.220604875531171,0.326890338384051,0,0.485597915297578
Gene_168,-0.0864610027607586,0.661590236777099,0,0.17941091238102
Gene_169,-0.0105472572246947,1,0,0
Gene_170,-0.279388256467614,0.186919973046448,0,0.728344290272269
Gene_171,-0.303869671372939,0.27995276938561,0,0.552915231962748
Gene_172,-0.0335613341077909,0.923064170666575,0,0.0347681061272218
Gene_173,-0.209878679018602,0.142684740469461,0,0.845622470363061
Gene_174,-0.177860774575009,0.458495341162369,0,0.338665072900732
Gene_175,0.0622093299816457,0.725859631257593,0,0.139147356248003
Gene_176,-0.100394904932049,0.73565707346253,0,0.133324584860388
Gene_177,0.0637643868161497,0.846295905656219,0,0.0724777602182152
Gene_178,-0.380521381672805,0.208694764189479,0,0.680488446536564
Gene_179,0.19012518635663,0.590722573652793,0,0.228616432857259
Gene_180,-0.0708406353695805,0.725044219946201,0,0.139635505300759
Gene_181,0.0761750150314775,0.445390850305495,0,0.351258708951397
Gene_182,-0.0347891079060538,0.825317335386078,0,0.0833790326521384
Gene_183,-0.178609737103336,0.408280191806795,0,0.389041689872948
Gene_184,-0.0348914618317755,0.794507319605942,0,0.0999020973869639
Gene_185,0.367960462649203,0.256613408130328,0,0.590720655346584
Gene_186,-0.366473763097083,0.361889815370333,0,0.441423639026932
Gene_187,0.238160992929233,0.507740986082095,0,0.294357777877966
Gene_188,0.0796595308661159,0.566762256520644,0,0.246599079261918
Gene_189,0.0135075697145197,0.926791185048244,0,0.0330181055500723
Gene_190,0.509238786067924,0.11061028838884,0,0.956204475357806
Gene_191,0.139764712279793,0.540058450684915,0,0.267559233813755
Gene_192,0.114603522255615,0.692848435435801,0,0.15936175940408
Gene_193,0.220410305245108,0.426753550516521,0,0.369822856942418
Gene_194,-0.181204763659988,0.6109423815602,0,0.213999746468429
Gene_195,-0.550733473850729,0.108400204173362,0,0.964969899796886
Gene_196,-0.319126267677832,0.185081909406046,0,0.732636028729996
Gene_197,0.30267022662776,0.0922846348417202,0,1.03487060188788
Gene_198,-0.508537630331588,0.072620954286495,0,1.13893804847413
Gene_199,-0.53089938316692,0.248937719748389,0,0.603909292875386
Gene_200,0.134531692585188,0.641835152242921,0,0.192576501003274
Gene_201,-0.190048674940787,0.290646724063713,0,0.536634567698374
Gene_202,-0.122337183672681,0.51530844754593,0,0.287932738011443
Gene_203,-0.240710622652172,0.154505665249089,0,0.811055591699923
Gene_204,0.0737130090344129,0.812049420153071,0,0.0904175394205738
Gene_205,0.349305950393452,0.325315804880821,0,0.487694836792576
Gene_206,-0.00812778894170219,0.980569398685484,0,0.00852166420977346
Gene_207,-0.0327004913438067,0.883723691416464,0,0.0536835020128397
Gene_208,-0.401254764582375,0.485875981121839,0,0.313474569395675
Gene_209,0.0242851900240577,0.926083322834257,0,0.0333499366234994
Gene_210,-0.48573931447785,0.202970192058304,0,0.692567737333699
Gene_211,0.308817106634657,0.265130047364389,0,0.576541050595564
Gene_212,-0.381072192800493,0.126427262322894,0,0.898159266245481
Gene_213,0.102728209366671,0.643581561367351,0,0.191396406945793
Gene_214,-0.152579092174815,0.770134519321966,0,0.113433410026548
Gene_215,0.208783311884118,0.0581629926908924,0,1.23535325559292
Gene_216,0.0458492984350638,0.708074568518988,0,0.149921003622354
Gene_217,0.175545904585233,0.525597202201065,0,0.279346955228856
Gene_218,-0.150246247501973,0.075901026454498,0,1.11975235084352
Gene_219,-0.13009144834974,0.607388613924341,0,0.216533353603426
Gene_220,-0.434994195943922,0.253661573569463,0,0.595745317763347
Gene_221,-0.295484550882885,0.641126084638324,0,0.193056553198889
Gene_222,0.40279288964147,0.175000159875515,0,0.756961554553577
Gene_223,-0.0899134456761406,0.611816722152051,0,0.213378657068382
Gene_224,0.229692773651768,0.43205446500494,0,0.36446150235145
Gene_225,0.221162955901484,0.496537968793215,0,0.30404753668138
Gene_226,-0.365361750346143,0.139243018031319,0,0.856226572143398
Gene_227,-0.105820081510867,0.774139646358688,0,0.111180690256926
Gene_228,0.374743574428776,0.0273688042767923,0,1.56274417618632
Gene_229,0.365215046098475,0.314280391878048,0,0.50268271400249
Gene_230,-0.240901357773078,0.168937745138704,0,0.772273306769649
Gene_231,0.128392271426161,0.609041685369002,0,0.215352981412819
Gene_232,-0.0202482032383626,0.948892632971635,0,0.0227829251342287
Gene_233,-0.0504374418009288,0.740980873539791,0,0.130193002038663
Gene_234,-0.0301005037498641,0.870039528349316,0,0.0604610157101064
Gene_235,-0.24043537977518,0.523422432758072,0,0.281147668371201
Gene_236,-0.201326023506692,0.578800074116641,0,0.237471421940619
Gene_237,0.162907927586594,0.753212591274811,0,0.123082428597667
Gene_238,0.0777228916144974,0.707541900876107,0,0.150247835972656
Gene_239,0.216462291782431,0.247583562177207,0,0.606278192821199
Gene_240,-0.125425465352271,0.309891980906824,0,0.508789661879388
Gene_241,-0.120709649187316,0.677558984697438,0,0.169052891429862
Gene_242,0.190571317807913,0.491198967240499,0,0.308742554982165
Gene_243,-0.333209565903243,0.330293912401839,0,0.48109943065207
Gene_244,0.427807254954999,0.200292896320274,0,0.698334453320573
Gene_245,0.134124450988456,0.736641804853798,0,0.132743638315561
Gene_246,0.0473677698476074,0.798554955854796,0,0.0976951907299897
Gene_247,0.134437306529,0.322120329115044,0,0.49198186585437
Gene_248,0.2143088051024,0.51951129878065,0,0.28440500259241
Gene_249,-0.011883750109801,0.884665278712424,0,0.0532210175567412
Gene_250,-0.132235225502196,0.697101023801824,0,0.156704279433689
Gene_251,0.168590260616821,0.489202918451885,0,0.310510960744974
Gene_252,-0.288195471956601,0.0327260244530807,0,1.48510674944165
Gene_253,0.267287775478017,0.707620914241988,0,0.150199339688741
Gene_254,-0.311113907989372,0.356226621184034,0,0.448273628383954
Gene_255,0.179188150168472,0.67295146150599,0,0.172016259342616
Gene_256,0.126718775838104,0.595560717564365,0,0.225073955492818
Gene_257,-0.545031117712277,0.00368617924961263,0,2.43342354995665
Gene_258,0.0485819097638043,0.789061276209602,0,0.102889269431425
Gene_259,0.297201397172214,0.54265483447976,0,0.265476323532889
Gene_260,0.112680235273566,0.592551782388922,0,0.227273691186036
Gene_261,0.178680589458993,0.381472160842182,0,0.418537150589253
Gene_262,-0.144169419869195,0.168071847838165,0,0.774505025123532
Gene_263,0.337776100618116,0.74506590350012,0,0.127805310794567
Gene_264,0.4363251319374,0.0726450314509504,0,1.13879408387422
Gene_265,0.104419201331481,0.432625834740859,0,0.363887549736535
Gene_266,0.306856461251385,0.42769831037712,0,0.368862465420867
Gene_267,0.113779043609386,0.838722324126022,0,0.0763817972881149
Gene_268,-0.10239824915365,0.717253527485694,0,0.144327307196562
Gene_269,-0.0775262349771548,0.744555781682768,0,0.128102759604877
Gene_270,0.0929484482475305,0.498496649366369,0,0.302337756442772
Gene_271,-0.168826437017002,0.346412675110698,0,0.460406225690706
Gene_272,0.205640479021329,0.557934924212345,0,0.253416452861021
Gene_273,-0.120555468491982,0.732111692227366,0,0.135422657168864
Gene_274,0.0370496653683308,0.769722866735896,0,0.113665611336187
Gene_275,-0.273803493146733,0.401465944565104,0,0.396351289027245
Gene_276,0.233683283452599,0.26349128268776,0,0.579233748357424
Gene_277,-0.384441738761415,0.255776500713273,0,0.592139358525686
Gene_278,-0.0815173730330967,0.70422956978643,0,0.152285743359183
Gene_279,-0.164860725362841,0.160119958800355,0,0.795554530313003
Gene_280,0.11985346329408,0.27229314126156,0,0.564963297880645
Gene_281,0.188940998588005,0.582263192050785,0,0.234880663085324
Gene_282,-0.085120612779698,0.793214082854222,0,0.100609583862115
Gene_283,-0.379376972954497,0.403838997102115,0,0.393791745301986
Gene_284,0.367406818363746,0.219765108609061,0,0.658041257960729
Gene_285,-0.167953028232576,0.709207715146279,0,0.149226548554438
Gene_286,0.531434142421334,0.137106159722853,0,0.862943033368387
Gene_287,-0.0491942773315941,0.767052711458263,0,0.115174790537505
Gene_288,0.0379252740411973,0.782124694359054,0,0.10672400172924
Gene_289,0.154410044806734,0.538732567691343,0,0.268626769504887
Gene_290,0.327101148609596,0.493023249945836,0,0.307132599819944
Gene_291,0.144457213732119,0.464824061308743,0,0.332711399070503
Gene_292,-0.555385638249976,0.214027361325379,0,0.669530702758088
Gene_293,-0.171746933401113,0.719444602454352,0,0.14300264130296
Gene_294,-0.149688456735061,0.457255834515019,0,0.339840744284544
Gene_295,0.127588739321371,0.581096594439083,0,0.235751669769707
Gene_296,-0.277913124989749,0.183212779887955,0,0.737044235683249
Gene_297,-0.167783285613447,0.585926780040375,0,0.232156651919145
Gene_298,-0.140172107742158,0.515752479200788,0,0.287558675714222
Gene_299,-0.33054954352236,0.199813404972465,0,0.69937537942192
Gene_300,0.129632310092946,0.669852012125081,0,0.174021133741625
Gene_301,0.027997728996314,0.962859293513544,0,0.0164371734314369
Gene_302,-0.206836204761268,0.382038744356223,0,0.417892590997039
Gene_303,-0.0159410447756487,0.980661302186435,0,0.00848096202890063
Gene_304,0.00576090492441761,0.946767610700465,0,0.0237566078771631
Gene_305,-0.281910531256886,0.350263160925445,0,0.455605537384332
Gene_306,-0.146756326952426,0.709787707298219,0,0.148871526401191
Gene_307,-0.195704346521429,0.218641316035954,0,0.660267767221758
Gene_308,0.0853048405088392,0.571236838802935,0,0.243183792875889
Gene_309,-0.14093415022931,0.633917107288032,0,0.197967527924282
Gene_310,-0.252488143583204,0.111330280567278,0,0.953386696449682
Gene_311,-0.0961846367986245,0.51753766027986,0,0.28605804189688
Gene_312,-0.370067389866388,0.289558413476843,0,0.538263811585446
Gene_313,-0.0870619938138084,0.814893898865822,0,0.0888989337591327
Gene_314,-0.227274679991249,0.210536770674147,0,0.676672042791442
Gene_315,-0.324707306891644,0.0820611426606652,0,1.08586243999199
Gene_316,0.207017999074933,0.357844254191617,0,0.446305951743063
Gene_317,-0.320997875346142,0.240193272910702,0,0.619439160041659
Gene_318,0.0995725623174826,0.583417301802666,0,0.234020695601662
Gene_319,0.18874500988754,0.253518756916976,0,0.595989903296382
Gene_320,0.349550719233175,0.228352328382224,0,0.641394555774099
Gene_321,-0.018164527712659,0.661286949534283,0,0.17961004799188
Gene_322,-0.40690113136903,0.0431567015943833,0,1.36495175523329
Gene_323,0.0742569609289703,0.710402723873113,0,0.148495382025634
Gene_324,-0.417083101026896,0.0708697143386637,0,1.14953931778726
Gene_325,0.138045177661484,0.492413875335301,0,0.307669717932731
Gene_326,0.444174758467589,0.227071563066982,0,0.643837250528728
Gene_327,-0.00136211537042108,0.904640835702928,0,0.0435238119911995
Gene_328,0.0243156871965509,0.866508899687604,0,0.0622269724014569
Gene_329,0.0834110540453405,0.759306036131145,0,0.11958314766847
Gene_330,-0.353192603019108,0.26788116929196,0,0.572057814051456
Gene_331,-0.00919130861358752,0.948070897498108,0,0.0231591845597026
Gene_332,-0.334751723372602,0.219455134992582,0,0.658654252718976
Gene_333,0.414541569803869,0.086145484637572,0,1.06476748140085
Gene_334,0.152506943533452,0.548337290462864,0,0.260952218293879
Gene_335,-0.0950945074970724,0.691246672549645,0,0.160366946243203
Gene_336,-0.266657997795169,0.0880164124363567,0,1.0554363373278
Gene_337,-0.299466020699567,0.182285925889073,0,0.739246861485834
Gene_338,0.0113513157123348,0.882859553303886,0,0.0541083791817466
Gene_339,-0.244635617082388,0.490043433759517,0,0.309765425673277
Gene_340,0.29363868103311,0.20378956427045,0,0.690818059268744
Gene_341,0.0394804691149426,0.825721887671094,0,0.0831662032703938
Gene_342,-0.0290182605185558,0.679946683673438,0,0.167525140079378
Gene_343,-0.259508756332795,0.620167900632214,0,0.207490716233281
Gene_344,0.140826149952285,0.555202557049298,0,0.255548542355358
Gene_345,0.0339599775798689,0.93518815969311,0,0.0291010003625747
Gene_346,0.328284377992355,0.281940459713447,0,0.549842596460999
Gene_347,0.497045973560134,0.163308243512775,0,0.786991892288751
Gene_348,-0.159836232634318,0.84844814672146,0,0.0713746946319529
Gene_349,-0.109266657133715,0.799628998969128,0,0.0971114643489374
Gene_350,0.0131903150943531,0.811313128652285,0,0.0908114962209523
Gene_351,-0.240022736768518,0.519099731817691,0,0.284749195490496
Gene_352,0.0417136870497528,0.952948793656239,0,0.0209304353847746
Gene_353,-0.152120795412505,0.0761310416211173,0,1.11843822817058
Gene_354,0.0149974822071419,0.916254766247904,0,0.0379837531968943
Gene_355,-0.11653435111007,0.533052470216498,0,0.273230039746552
Gene_356,0.554495849642525,0.185345026885274,0,0.732019062319923
Gene_357,-0.0669114654414917,0.845604173860886,0,0.0728328820389965
Gene_358,-0.41370726208478,0.140120057856599,0,0.853499692030932
Gene_359,0.22504423888266,0.522928079597556,0,0.281558037292824
Gene_360,-0.0394486134388217,0.858510167476516,0,0.0662545570519314
Gene_361,-0.0360301447138074,0.864465940832441,0,0.0632521128584393
Gene_362,-0.295231780685107,0.370829429294565,0,0.430825807232319
Gene_363,-0.00259325956008194,0.97000253316023,0,0.013227131572855
Gene_364,-0.182991986371938,0.602580771396421,0,0.219984730959488
Gene_365,-0.248202305111097,0.2302627394648,0,0.637776332787086
Gene_366,0.0906264853909136,0.704322119281328,0,0.152228672347439
Gene_367,0.0445837962962754,0.771918693407653,0,0.112428441716073
Gene_368,0.28436081528073,0.23655714244421,0,0.626063934627554
Gene_369,0.0791776479778648,0.633660366637963,0,0.198143455710037
Gene_370,0.231641837353694,0.404449268245225,0,0.39313594599958
Gene_371,-0.312119638081467,0.204907511095952,0,0.688442121795302
Gene_372,-0.435328850339447,0.137567090901114,0,0.861485446546908
Gene_373,-0.0942342602223007,0.802304359432225,0,0.0956608479916772
Gene_374,0.208373309004797,0.54543648210019,0,0.263255817173783
Gene_375,-0.464547736322263,0.161737317881945,0,0.791189763146569
Gene_376,-0.00599452801172884,0.97135080480396,0,0.0126238956573002
Gene_377,-0.106347259993623,0.984078498529665,0,0.00697025713926736
Gene_378,-0.180666681234539,0.822728975187496,0,0.0847432072733012
Gene_379,0.0631989023972901,0.922114066353175,0,0.0352153529988041
Gene_380,-0.302293612832097,0.28310081250371,0,0.548058884201228
Gene_381,0.260346903573892,0.38662957968681,0,0.412704922673393
Gene_382,0.263563191038515,0.214705643460121,0,0.668156540140471
Gene_383,-0.0848773216126997,0.690795096813331,0,0.160650753667508
Gene_384,0.363417080377253,0.0730065053791552,0,1.13663843954541
Gene_385,0.119739457908691,0.55287514463357,0,0.257372934009763
Gene_386,-0.060081413022262,0.607663497629283,0,0.216336850956135
Gene_387,-0.159951085088993,0.578221642120645,0,0.237905657256034
Gene_388,-0.512945740131977,0.171797281360421,0,0.764983713028115
Gene_389,-0.223049395182715,0.383172226011201,0,0.416605978004823
Gene_390,-0.15908071365771,0.729891196314812,0,0.136741874621825
Gene_391,0.0631615580351399,0.86260814164997,0,0.0641864471210096
Gene_392,0.127088882170595,0.538932041006227,0,0.268465995623605
Gene_393,0.186190765377183,0.769700467688152,0,0.113678249552873
Gene_394,-0.139921954133323,0.515423279810588,0,0.287835969826728
Gene_395,0.0156203321320563,0.85771593852307,0,0.0666565195617282
Gene_396,-0.0427151741462204,0.943107742848008,0,0.0254386896047379
Gene_397,0.418271299676275,0.0841897173769658,0,1.07474094839517
Gene_398,0.181976589695156,0.596626263169512,0,0.224297633141991
Gene_399,-0.0656326088335328,0.972207716878488,0,0.0122409360443981
Gene_400,0.0262311944279308,0.92674849450187,0,0.0330381108069626
Gene_401,0.32426288712553,0.192442773910127,0,0.715698391713462
Gene_402,0.102220685090308,0.51578958558368,0,0.287527431041046
Gene_403,-0.07812195787674,0.687837378887162,0,0.162514227171548
Gene_404,-0.0101027311916217,0.886582468620779,0,0.0522808607386167
Gene_405,-0.240946942008643,0.295402050119702,0,0.529586494966573
Gene_406,-0.348607397738377,0.475872043268211,0,0.322509808567468
Gene_407,0.291452811703207,0.282440879059004,0,0.549072445492367
Gene_408,-0.112880638852646,0.548092003577741,0,0.261146534047842
Gene_409,-0.0490377435506142,0.685086925708475,0,0.164254320536148
Gene_410,0.438345071185524,0.0557192096064267,0,1.25399505280088
Gene_411,-0.442266456424272,0.00952289804904721,0,2.02123086514727
Gene_412,-0.160469489997002,0.481641889068406,0,0.317275748909414
Gene_413,0.215469917309299,0.546779965395442,0,0.262187406828447
Gene_414,-0.519123705149405,0.284342282198206,0,0.546158555153046
Gene_415,-0.167839379659474,0.356730192615113,0,0.447660131673082
Gene_416,0.0686882654574479,0.715560284883581,0,0.145353771702417
Gene_417,-0.128910132710973,0.425754885968217,0,0.37084035936804
Gene_418,-0.518902934177227,0.179656797194585,0,0.745556346907665
Gene_419,-0.499598627172494,0.0169706742768067,0,1.77030090200295
Gene_420,-0.370100004956124,0.226585469051494,0,0.644767944927618
Gene_421,-0.248461040580097,0.275417976585677,0,0.560007716667435
Gene_422,-0.590824193416163,0.0109937173307115,0,1.95885543376017
Gene_423,0.310399399678148,0.0384591656689428,0,1.41500014155632
Gene_424,0.116431500000825,0.563823449612591,0,0.248856865630842
Gene_425,-0.0971858048046164,0.713547388393453,0,0.146577179053375
Gene_426,0.107958788892295,0.857953637735419,0,0.0665361800064139
Gene_427,0.0309155026294254,0.986846881415113,0,0.00575022698098619
Gene_428,0.0961749198156285,0.695162754539858,0,0.157913504584611
Gene_429,-0.198046185175146,0.270480646510949,0,0.567863804177359
Gene_430,0.108621561843117,0.695231109057077,0,0.15787080303012
Gene_431,-0.18964580891727,0.541958088448661,0,0.266034297703804
Gene_432,0.0520959391292601,0.868921020135048,0,0.0610196965989072
Gene_433,0.0329356879106442,0.807585726226717,0,0.0928113656518196
Gene_434,-0.0871524737914191,0.50561363854162,0,0.296181219805814
Gene_435,0.0502888808734854,0.79977510291885,0,0.0970321196239236
Gene_436,0.0784866915070515,0.582526406296858,0,0.234684383007384
Gene_437,0.0453176907288446,0.860288086349243,0,0.0653560913601386
Gene_438,-0.120867034916969,0.695619465877605,0,0.157628273413225
Gene_439,0.0585195798781797,0.874848988059228,0,0.058066906192098
Gene_440,0.196461142906197,0.500984569819404,0,0.300175650071845
Gene_441,-0.442945469559502,0.0601460754535285,0,1.22079270522325
Gene_442,-0.321647915073627,0.0967028561446391,0,1.01456069872426
Gene_443,0.352331140862978,0.282363087484589,0,0.549192077979822
Gene_444,0.226023968370879,0.391056431339906,0,0.407760567281515
Gene_445,0.0629577851856977,0.762490275844698,0,0.117765690569921
Gene_446,-0.24133276961852,0.181140229016128,0,0.741985087513113
Gene_447,-0.258486137321753,0.147525616692404,0,0.831132561230238
Gene_448,0.134112059534584,0.583856668158733,0,0.233693755400996
Gene_449,0.0649857313014586,0.824346340772125,0,0.0838902855306391
Gene_450,0.103639681250051,0.659949581486804,0,0.18048924221338
Gene_451,-0.0630747915481455,0.591521327234698,0,0.228029592315229
Gene_452,-0.317636585853439,0.265594971682961,0,0.575780151408745
Gene_453,0.316862601958308,0.155242033900543,0,0.808990675993887
Gene_454,-0.329670786451004,0.321643600125982,0,0.492625085512244
Gene_455,-0.285203363554941,0.767634749988856,0,0.114845373453491
Gene_456,0.474513670624424,0.237357450447765,0,0.624597131598586
Gene_457,-0.0971562577713643,0.75496920479263,0,0.122070762889213
Gene_458,-0.157531109883008,0.408879029019948,0,0.388405163386656
Gene_459,-0.381903011191215,0.155326018791852,0,0.808755789144247
Gene_460,-0.0654657376011683,0.783337319135587,0,0.106051182651091
Gene_461,0.0825744958625672,0.739731954154342,0,0.130925620701678
Gene_462,0.429272502254561,0.0881356424258012,0,1.05484842554395
Gene_463,0.230758688397612,0.12725936787894,0,0.895310238316281
Gene_464,0.320703946635645,0.217958599371288,0,0.661625991588608
Gene_465,-0.28872527925769,0.334843612469503,0,0.475157981320028
Gene_466,-0.384954792014009,0.0793176065183829,0,1.10063039950383
Gene_467,-0.0538445430095358,0.761394519168547,0,0.118390253741015
Gene_468,-0.0340498701388565,0.613464761184001,0,0.212210379086737
Gene_469,0.0524514559567448,0.853947991187792,0,0.0685685787582565
Gene_470,0.0658234245344538,0.566783881250878,0,0.246582509136184
Gene_471,-0.0168475494208336,0.925598010778479,0,0.0335775874064129
Gene_472,0.312583853104426,0.659663152864472,0,0.18067777384672
Gene_473,0.345160093127189,0.152658661443738,0,0.816278549960099
Gene_474,-0.0859954435916421,0.715662046776097,0,0.145292013822479
Gene_475,-0.103199347189136,0.645554042934341,0,0.190067394659037
Gene_476,-0.0573715072445147,0.932935877948857,0,0.0301482049244217
Gene_477,0.00252360370012461,0.951650733962456,0,0.0215224131116421
Gene_478,-0.390733648058887,0.300338973184696,0,0.522388308357709
Gene_479,-0.0908424301316364,0.765447987735689,0,0.116084314314922
Gene_480,0.18750273318826,0.257163265699791,0,0.589791067797803
Gene_481,0.0103422985402082,0.8817400253094,0,0.0546594445922435
Gene_482,-0.287193914078157,0.594308450584869,0,0.225988094382065
Gene_483,-0.229886626462616,0.456930568114117,0,0.340149787185675
Gene_484,0.144042586659051,0.251821377154008,0,0.598907405340332
Gene_485,-0.307261603636071,0.376117557469016,0,0.424676392889928
Gene_486,-0.167172736686626,0.599069043537157,0,0.222523121685459
Gene_487,0.439864140769985,0.0520228050141171,0,1.28380623481392
Gene_488,0.368934339642594,0.154870407115936,0,0.810031559994617
Gene_489,-0.062374627157503,0.787727776786115,0,0.103623840207662
Gene_490,-0.169408177536879,0.568253411364834,0,0.245457948418696
Gene_491,0.0231974997940911,0.803383579540141,0,0.0950770491141624
Gene_492,-0.289854360480131,0.361076752609156,0,0.442400472078768
Gene_493,0.0467661808208328,0.687657791769026,0,0.162627631706198
Gene_494,0.020896150373928,0.919912134037137,0,0.0362536525731231
Gene_495,0.0498595156393646,0.987448313383773,0,0.00548562765055483
Gene_496,-0.130160994885048,0.777692870285437,0,0.10919188254145
Gene_497,-0.0547129454152069,0.793621789409397,0,0.100386416848891
Gene_498,-0.0393385706646079,0.858983623050098,0,0.0660151161300771
Gene_499,-0.628730264410827,0.112899931058896,0,0.947306323272112
Gene_500,0.0372310012742059,0.878820374929209,0,0.0560998827748001
Gene_501,-0.140205772092415,0.56423075093321,0,0.248543248211364
Gene_502,-0.352631018477001,0.243071092835682,0,0.61426668644019
Gene_503,0.110148274778213,0.588649426032714,0,0.230143275107509
Gene_504,-0.0934028349470619,0.706705185435949,0,0.150761722046029
Gene_505,0.0793243836788564,0.471614379443884,0,0.326412961808654
Gene_506,0.135723359150245,0.511516930929334,0,0.29113998680521
Gene_507,-0.247789550557501,0.436658389835848,0,0.359858191008981
Gene_508,-0.415527015733332,0.335926844034786,0,0.473755290143566
Gene_509,0.230602332544232,0.260528522557012,0,0.584144723377804
Gene_510,0.0372603196961094,0.986434936085206,0,0.00593155494401392
Gene_511,0.0414629885300331,0.842019312307493,0,0.0746779475355134
Gene_512,0.0425271637457811,0.760706861375036,0,0.118782666505757
Gene_513,0.189028289553018,0.402076797344595,0,0.395690988016097
Gene_514,0.0750596806969295,0.770219026254728,0,0.113385757466883
Gene_515,0.200831194063237,0.192508453149107,0,0.715550195633873
Gene_516,-0.315321030185406,0.234140198696516,0,0.630524017429674
Gene_517,-0.257631817104744,0.182530418188936,0,0.738664751203119
Gene_518,0.454148795411949,0.250624299749756,0,0.600976823463142
Gene_519,0.129119495254879,0.567316083751225,0,0.246174903751729
Gene_520,-0.676622504301057,0.098881821472725,0,1.00488354217165
Gene_521,-0.00127931067001708,0.895725543241073,0,0.0478250409128413
Gene_522,-0.625864235970655,0.195198212863624,0,0.709524162832336
Gene_523,0.0654657376011674,0.69485799748825,0,0.158103939594681
Gene_524,0.320889132341101,0.272107780344213,0,0.565259040314137
Gene_525,-0.0127994459511598,0.984795437337244,0,0.00665397220493672
Gene_526,-0.0144547954720355,0.911549080341882,0,0.0402199427546979
Gene_527,-0.0773065721330157,0.784640277172284,0,0.105329402420212
Gene_528,0.051375383559872,0.769898200924535,0,0.113566695216444
Gene_529,-0.385397583999947,0.241517081614113,0,0.617052147776215
Gene_530,0.155289193638709,0.226988725302804,0,0.64399571399799
Gene_531,0.137349417182132,0.294650775115546,0,0.530692412101628
Gene_532,0.661199322227967,0.0923419627382031,0,1.03460089871154
Gene_533,0.0732106228997065,0.564175495623838,0,0.248585780900364
Gene_534,0.0390077000932516,0.820115544344326,0,0.0861249564747053
Gene_535,0.373616640177249,0.163903740663558,0,0.785411134708916
Gene_536,0.468546309819973,0.19149270445192,0,0.717847767265221
Gene_537,-0.0751432044325275,0.745103961337192,0,0.127783127674337
Gene_538,-0.146588195060406,0.381346076700298,0,0.418680717286743
Gene_539,0.0143896375087946,0.970516061723937,0,0.0129972727842694
Gene_540,0.596786968427742,0.19837565017153,0,0.702511636844807
Gene_541,0.0629995358953517,0.759352354134758,0,0.119556656321216
Gene_542,0.535238108533755,0.193897591961503,0,0.712427584445407
Gene_543,-0.199013407835035,0.643201511538838,0,0.191652943656053
Gene_544,-0.231394575322986,0.314347073838487,0,0.502590578010511
Gene_545,0.314340277400182,0.688353507628345,0,0.162188470218856
Gene_546,-0.114674625174255,0.737686700593296,0,0.132128046162074
Gene_547,0.416707242285499,0.168968625232852,0,0.772193929429046
Gene_548,0.210307076181341,0.226190089004068,0,0.645526428522602
Gene_549,-0.323450183575922,0.116147904302415,0,0.934988621921497
Gene_550,-0.119153215178673,0.604452372207816,0,0.218637913665453
Gene_551,0.145347818783143,0.606329713208168,0,0.217291148627718
Gene_552,0.1949727449101,0.52545543827784,0,0.279464108809165
Gene_553,-0.0712457735206176,0.697252254750447,0,0.156610072653029
Gene_554,0.174436108373154,0.529485658873995,0,0.276145798268931
Gene_555,-0.147585226103336,0.593994960829198,0,0.226217239351055
Gene_556,-0.241557721204515,0.232423315625276,0,0.633720307695245
Gene_557,0.27565249834875,0.628246721041447,0,0.201869769408402
Gene_558,0.262053468344571,0.0657730902819393,0,1.18195175277561
Gene_559,-0.256101057124487,0.112466432477213,0,0.948977080799336
Gene_560,-0.022848542635904,0.984391350975415,0,0.00683221073533869
Gene_561,-0.117916792831566,0.561174797220123,0,0.250901841695726
Gene_562,-0.0394581644050058,0.888447609581307,0,0.0513681767957433
Gene_563,-0.0910912359906844,0.733304143475613,0,0.134715861051695
Gene_564,0.116259841131565,0.385005928461027,0,0.414532583015949
Gene_565,0.078923102178166,0.761045928472087,0,0.11858913313731
Gene_566,0.12135642221922,0.352550847657684,0,0.452778236787217
Gene_567,0.536153321375404,0.0909980515739563,0,1.04096790657713
Gene_568,0.020773629923001,0.902838443633001,0,0.0443899565701179
Gene_569,0.498695451872616,0.218041164680699,0,0.661461506826647
Gene_570,0.0923016135951675,0.5742522396082,0,0.240897302362651
Gene_571,-0.161652910519697,0.141058602517483,0,0.850600423071541
Gene_572,0.195186836345608,0.685487508274707,0,0.164000455005461
Gene_573,0.0423925027889656,0.692190694698232,0,0.159774243337721
Gene_574,0.103729426844913,0.565705164514583,0,0.247409856419664
Gene_575,-0.638059609239371,0.0674585613315347,0,1.17096292511596
Gene_576,0.169002320717555,0.63153837686838,0,0.199600253413069
Gene_577,-0.240676237540842,0.41624796565966,0,0.380647876020022
Gene_578,-0.153721493794683,0.54956291693051,0,0.259982580016556
Gene_579,-0.0754760364652896,0.665508510048731,0,0.176846386705348
Gene_580,-0.196645939618679,0.472158964053699,0,0.325911760712329
Gene_581,0.260819306979093,0.204576247784224,0,0.689144791225308
Gene_582,0.00881132112388716,0.913006672892973,0,0.0395260483254971
Gene_583,0.348872006872421,0.163128002581658,0,0.787471481493004
Gene_584,-0.322412724926324,0.239715021887174,0,0.620304749786578
Gene_585,-0.0576089619784685,0.709487772453585,0,0.149055084916437
Gene_586,-0.132429131627769,0.690175377186799,0,0.161040538731365
Gene_587,0.134516875930627,0.561291845187498,0,0.250811267446812
Gene_588,-0.246835670208303,0.722533318392364,0,0.141142121359906
Gene_589,0.257591890035577,0.307179476186981,0,0.51260780451456
Gene_590,0.066513722474852,0.732428264298457,0,0.1352349046871
Gene_591,-0.0253626625480345,0.899709195489041,0,0.0458978407859646
Gene_592,0.560855861903692,0.207823439796065,0,0.682305471215835
Gene_593,0.0700263064159543,0.701758156148473,0,0.153812531098666
Gene_594,-0.523728485282565,0.172609851340254,0,0.762934421479328
Gene_595,0.348834069064228,0.480819933696115,0,0.318017535774925
Gene_596,0.355404076521381,0.329937099987881,0,0.481568847188511
Gene_597,-0.0571920844636447,0.755515140076135,0,0.121756828233442
Gene_598,0.0873853763500101,0.831607724323496,0,0.0800814854114065
Gene_599,0.0161980382967997,0.976286702186914,0,0.0104226260901785
Gene_600,0.222020001317906,0.23079379997807,0,0.636775862203823
Gene_601,0.0473396682908094,0.985106847194484,0,0.00651666226342508
Gene_602,-0.0806462016360072,0.711010913164527,0,0.148123733319797
Gene_603,0.326096667328234,0.219236662083895,0,0.659086818758116
Gene_604,0.292536429433292,0.355377996489783,0,0.44930946538524
Gene_605,0.0648451614895604,0.709752090516955,0,0.148893319621209
Gene_606,-0.11826507990505,0.612858272519485,0,0.212639947307461
Gene_607,-0.120841534548999,0.401323175980647,0,0.396505759503952
Gene_608,0.380230330397733,0.485091903402756,0,0.314175974058435
Gene_609,0.0928361934546968,0.815717180328663,0,0.0884603906493638
Gene_610,-0.331804161090584,0.142195603425608,0,0.847113831436887
Gene_611,-0.0240362659241331,0.806995816264829,0,0.0931287167993774
Gene_612,0.219190222774016,0.517338495046844,0,0.286225204628978
Gene_613,0.111492443412927,0.484781039250822,0,0.314454374629257
Gene_614,0.120183637249352,0.442128398276897,0,0.35445158910033
Gene_615,-0.209755944080327,0.386908050571808,0,0.4123922336219
Gene_616,-0.620717933076275,0.204175376677771,0,0.689996634520278
Gene_617,0.0138638713208259,0.893518600011685,0,0.0488964025334232
Gene_618,-0.447810083469229,0.311722495129855,0,0.506231856182404
Gene_619,0.0888862064062454,0.51241723126863,0,0.290376274479544
Gene_620,-0.193954033456547,0.212565800656964,0,0.6725066070785
Gene_621,-0.229724487836314,0.24621709602811,0,0.608681795219088
Gene_622,0.0149350673827362,0.899624737405575,0,0.0459386110720775
Gene_623,-0.670812929509904,0.0299322610361305,0,1.52386047599555
Gene_624,-0.0484344155467067,0.740542588852233,0,0.13044996000348
Gene_625,0.00637488502630656,0.961585715383645,0,0.017011996855622
Gene_626,0.055519560986041,0.830988660368226,0,0.080404902537318
Gene_627,-0.0993037697787518,0.656312452210813,0,0.182889355799239
Gene_628,-0.0779144787805599,0.713371033715236,0,0.14668452907817
Gene_629,-0.138691620904464,0.712497327223979,0,0.14721676047602
Gene_630,-0.112890527181912,0.511030320618232,0,0.291553331398493
Gene_631,-0.0708222216136543,0.799242679036097,0,0.0973213331216946
Gene_632,-0.124390791170685,0.596623115796675,0,0.224299924174661
Gene_633,0.0935018473533997,0.341766217398604,0,0.466270868246263
Gene_634,0.0866276817860747,0.55989696037726,0,0.25189189023848
Gene_635,-0.107362460086472,0.651499680743673,0,0.186085792769962
Gene_636,-0.184886851930446,0.841726777059567,0,0.0748288568038612
Gene_637,0.196032465641101,0.444575555931874,0,0.352054419765108
Gene_638,-0.336894773187316,0.147388775935258,0,0.831535587949033
Gene_639,-0.208101537828854,0.584646476561449,0,0.233106663299711
Gene_640,-0.11081669700279,0.96897684659335,0,0.013686600159637
Gene_641,-0.0248973541600952,0.875562906145578,0,0.0577126459135303
Gene_642,-0.300044048755146,0.180921092101063,0,0.742510799369444
Gene_643,-0.402428509648747,0.343936464730164,0,0.463521777095806
Gene_644,0.43008998781879,0.120173307934247,0,0.920191984115003
Gene_645,0.292651127748719,0.186868064955156,0,0.72846491156277
Gene_646,-0.120784031841228,0.86833239386447,0,0.061313996957091
Gene_647,0.227838709035906,0.626542929186542,0,0.20304916685643
Gene_648,0.23210786988962,0.425015917285182,0,0.371594804868101
Gene_649,-0.0802330673528866,0.905001928087063,0,0.0433504955387968
Gene_650,-0.324097690276719,0.157340593791717,0,0.803159215168671
Gene_651,-0.103293113983668,0.609643338360747,0,0.214924167419907
Gene_652,-0.139148422277851,0.247940768937392,0,0.605652056254424
Gene_653,-0.00786851372607167,0.912755622473956,0,0.0396454831638902
Gene_654,0.137195541096105,0.616187528743301,0,0.210287095783403
Gene_655,-0.175102662072981,0.534936869894127,0,0.271697467837386
Gene_656,0.0640686422400858,0.736827909979212,0,0.132633932050631
Gene_657,0.156410540878012,0.398450945961232,0,0.399625137780239
Gene_658,-0.543710894051361,0.0814058142137169,0,1.08934457556832
Gene_659,0.230625901545889,0.218534797243042,0,0.660479400581822
Gene_660,-0.116469754289876,0.808950738988705,0,0.0920779239214136
Gene_661,0.153226195260877,0.638384962898514,0,0.194917351305058
Gene_662,-0.0426433347135591,0.669501472992671,0,0.174248463145049
Gene_663,0.193213436307254,0.634299616073994,0,0.197705551470259
Gene_664,0.0300573421731567,0.803041153452087,0,0.0952621978605677
Gene_665,0.0408588699344232,0.869773888086927,0,0.0605936346449112
Gene_666,-0.17384158057088,0.438894767195259,0,0.357639597081141
Gene_667,0.119247117649145,0.591632025833955,0,0.227948325096863
Gene_668,0.315243517383013,0.327841696360165,0,0.484335811755371
Gene_669,-0.0660550328326863,0.721296773709049,0,0.14188601036295
Gene_670,-0.0523230034676905,0.699963644737469,0,0.154924516128495
Gene_671,0.328960553567748,0.181936652346881,0,0.740079800614874
Gene_672,0.133053530278833,0.737716747847109,0,0.132110356957752
Gene_673,-0.0984915221082208,0.624745023429025,0,0.204297194674776
Gene_674,0.360067434865448,0.32188335295808,0,0.492301483411916
Gene_675,0.0540130578203666,0.945877252682527,0,0.0241652187160102
Gene_676,0.258589900743229,0.295912380997105,0,0.528836863544219
Gene_677,0.0710338614506147,0.833575988083716,0,0.0790548041128546
Gene_678,0.100567244910859,0.886857097624303,0,0.0521463539146744
Gene_679,0.0391977203414093,0.709665494205727,0,0.148946310792477
Gene_680,-0.068541924348791,0.665700800712751,0,0.176720920673506
Gene_681,-0.412116555806004,0.0282997405392061,0,1.54821754620389
Gene_682,0.0285446111458185,0.859893997895393,0,0.06555508243841
Gene_683,0.213580557810504,0.38391847214806,0,0.415760991401815
Gene_684,-0.100459162535858,0.628594573710097,0,0.201629372312924
Gene_685,0.120553149243104,0.631836390933521,0,0.199395364302222
Gene_686,-0.394492260905349,0.169351496315243,0,0.771210961767609
Gene_687,0.247124231896329,0.379307261908622,0,0.42100884256836
Gene_688,0.0642925839758002,0.805476035179317,0,0.0939473763424778
Gene_689,-0.351789295065679,0.347135088268967,0,0.459501485805949
Gene_690,-0.150199523650037,0.180721105214374,0,0.74299112611693
Gene_691,0.142585333449404,0.442526382082955,0,0.354060832872352
Gene_692,-0.139316364899582,0.70285950061739,0,0.153131480392459
Gene_693,0.261287293119362,0.242370599663807,0,0.615520062633506
Gene_694,0.134246375547003,0.611357316252991,0,0.213704886124972
Gene_695,0.108016350985944,0.487809054058949,0,0.311750143154415
Gene_696,-0.245279873203176,0.278195363879426,0,0.555650111793144
Gene_697,-0.0616081034756206,0.728281713669371,0,0.137700594552373
Gene_698,0.421265370876535,0.126731829364384,0,0.897114296077334
Gene_699,-0.104461485822289,0.352391451942565,0,0.452974634934226
Gene_700,-0.125367047921782,0.45706735242516,0,0.340019798548709
Gene_701,-0.0290615234781253,0.944766758997052,0,0.0246753954941579
Gene_702,-0.284568324390073,0.390354232630728,0,0.408541107196686
Gene_703,-0.174375902920586,0.498763935744056,0,0.302104956704307
Gene_704,-0.124066260194161,0.610407354594004,0,0.214380242352733
Gene_705,0.128566439543078,0.651228992649995,0,0.186266272941304
Gene_706,-0.361728273510914,0.275596988756759,0,0.559725531951159
Gene_707,0.220587238505869,0.397345551964467,0,0.400831644275626
Gene_708,-0.206161228672802,0.36019447812786,0,0.443462949309328
Gene_709,0.349318050646022,0.255843497794832,0,0.59202561604855
Gene_710,-0.0132470611320539,0.907325548638613,0,0.0422368600071559
Gene_711,-0.249098494577673,0.310068611727271,0,0.50854219520605
Gene_712,-0.312917694386117,0.266952273692522,0,0.573566375806595
Gene_713,0.424215001560963,0.23931621086873,0,0.621027882028509
Gene_714,-0.149106927057461,0.728297790211937,0,0.137691007772241
Gene_715,0.151859764380563,0.224321304913241,0,0.649129477344981
Gene_716,0.112492955824148,0.889350183862384,0,0.0509272008142194
Gene_717,0.369662939133291,0.173339162455461,0,0.761103306202126
Gene_718,0.146733925970054,0.473806127606899,0,0.324399326963496
Gene_719,0.130791840723434,0.417132129014679,0,0.379726357945111
Gene_720,-0.194670807211513,0.510867096611804,0,0.291692067997125
Gene_721,-0.105283360252031,0.586199655393026,0,0.231954441204562
Gene_722,0.613981412144231,0.0230442328989404,0,1.63743774418091
Gene_723,-0.0678863015368645,0.786860081106181,0,0.104102486708106
Gene_724,-0.550549514348209,0.0319825443496389,0,1.49508698921225
Gene_725,-0.191641514976741,0.453077584540639,0,0.343827423477661
Gene_726,-0.64137528712389,0.278757566066292,0,0.554773336118682
Gene_727,-0.255322554369226,0.532826572553344,0,0.273414124630699
Gene_728,-0.192340638091326,0.293474150867819,0,0.532430145284685
Gene_729,0.108225278013777,0.630142847176474,0,0.200560989104681
Gene_730,-0.324254018100684,0.431199712610341,0,0.365321537273509
Gene_731,-0.162349023117462,0.510613356547538,0,0.291907829173316
Gene_732,-0.0887143165715853,0.674070933753528,0,0.171294399433839
Gene_733,-0.357237836279593,0.381450494201527,0,0.418561818102842
Gene_734,0.364583560170664,0.0940666398688861,0,1.02656436902348
Gene_735,-0.281497456229989,0.110511678309814,0,0.956591825530738
Gene_736,0.24359346565,0.367166553142148,0,0.435136887512712
Gene_737,0.0460834813253541,0.804014000476862,0,0.0947363887180837
Gene_738,0.105737750058469,0.68019125094052,0,0.167368958543683
Gene_739,-0.609652972266466,0.00539787278428516,0,2.26777735500255
Gene_740,-0.383651041714149,0.1358309571669,0,0.867001238931983
Gene_741,0.193084479520405,0.528998731272751,0,0.276545369556316
Gene_742,0.101844778850574,0.662801076464024,0,0.178616794908697
Gene_743,0.0892738361813832,0.317648864194422,0,0.498052693217046
Gene_744,-0.267130517591191,0.282625614188429,0,0.54878848085762
Gene_745,0.207225396890451,0.680747535967748,0,0.167013921956484
Gene_746,0.0714300239941252,0.534209195335892,0,0.272288640745071
Gene_747,-0.421008826319914,0.20386603895499,0,0.690655115187378
Gene_748,0.0826242136005355,0.727238388033067,0,0.138323204496062
Gene_749,0.0384546792010152,0.805079768981804,0,0.0941610866975894
Gene_750,-0.17057609169242,0.532542850053443,0,0.273645441798993
Gene_751,0.364509108051642,0.613799628839063,0,0.211973378519373
Gene_752,-0.169286194742511,0.536857944159176,0,0.270140616031138
Gene_753,0.423884761763008,0.0899197949260149,0,1.04614469223989
Gene_754,-0.0979005695853239,0.667486327863972,0,0.175557625534988
Gene_755,-0.0822050188940899,0.558248429647906,0,0.253172489924609
Gene_756,-0.5948655319593,0.141153779939582,0,0.850307487443226
Gene_757,-0.150968902345152,0.563079074004424,0,0.249430612267012
Gene_758,0.218232959229678,0.374474128985933,0,0.426578180706186
Gene_759,-0.0176690129895869,0.858356933193633,0,0.0663320805872651
Gene_760,-0.0941214700169288,0.361793432372295,0,0.441539321142208
Gene_761,-0.240899223077984,0.345030555195262,0,0.462142442998905
Gene_762,0.115618023127739,0.500933682595149,0,0.300219765528689
Gene_763,-0.412646154982932,0.169742173940685,0,0.770210239979577
Gene_764,0.206308714407314,0.450092902136767,0,0.34669783573324
Gene_765,-0.17160047096321,0.337048292143037,0,0.472307869132619
Gene_766,0.0793663183437641,0.7299940834785,0,0.136680659774136
Gene_767,-0.343607291665683,0.264240261348496,0,0.578001009774735
Gene_768,-0.0936128272598014,0.656268246667086,0,0.182918608436785
Gene_769,0.276071175651756,0.0407529411500552,0,1.38984104265049
Gene_770,-0.361374193286983,0.252877840419236,0,0.597089226034396
Gene_771,0.198978380795744,0.276889857566725,0,0.557692952103747
Gene_772,-0.173509963618606,0.485627544573357,0,0.313696688248787
Gene_773,0.0609788298260066,0.718201173692166,0,0.143753889480602
Gene_774,-0.0922311630087735,0.651899466663038,0,0.18581937426798
Gene_775,-0.411838685240971,0.325062260992928,0,0.488033448202733
Gene_776,0.320320214514371,0.263087617073294,0,0.579899592671794
Gene_777,-0.0101120261236529,0.916799161089755,0,0.0377257927744349
Gene_778,-0.0203035273344438,0.967276991993899,0,0.0144491423919893
Gene_779,-0.312546638641831,0.294618277098296,0,0.530740314531005
Gene_780,-0.457594057305092,0.492548152487139,0,0.307551305598443
Gene_781,-0.0590823195837773,0.776121342128981,0,0.11007037397726
Gene_782,0.142403732581236,0.398968166490906,0,0.399061755112437
Gene_783,0.0124263221059246,0.956831852164972,0,0.019164375800028
Gene_784,-0.081234796448638,0.908131876479775,0,0.0418510798173232
Gene_785,0.231298957424774,0.384721492755853,0,0.414853550827231
Gene_786,0.0726779788420133,0.86657319194425,0,0.0621947503013752
Gene_787,0.122440791353995,0.509738339373519,0,0.292652700230859
Gene_788,0.172451553253639,0.574159640779685,0,0.240967338489983
Gene_789,-0.417047119939356,0.241616973910198,0,0.616872559220631
Gene_790,0.168603091853253,0.66890705600848,0,0.174634222840334
Gene_791,-0.0293819328985192,0.890419263924469,0,0.0504054527551137
Gene_792,-0.38996750629199,0.279667802975706,0,0.553357529319771
Gene_793,0.0730518334780887,0.372832955056865,0,0.428485706922149
Gene_794,0.193374257729622,0.446977216647036,0,0.349714613191651
Gene_795,0.0553658258839738,0.745533271231169,0,0.127532970333488
Gene_796,-0.11144277006354,0.614796551987077,0,0.211268576854116
Gene_797,0.238440865028815,0.402739102023596,0,0.394976202603472
Gene_798,-0.00878377564898347,0.974064544671023,0,0.011412264409151
Gene_799,-0.370399570942047,0.296150206927777,0,0.528487959570192
Gene_800,-0.143680062478567,0.500730904865884,0,0.300395603331438
Gene_801,-0.334012558126407,0.201696991455902,0,0.695300579743828
Gene_802,-0.362071431684361,0.319899760863837,0,0.494986084565955
Gene_803,-0.292947684898041,0.106375540910016,0,0.973158218553535
Gene_804,0.421910267924231,0.185652029774044,0,0.731300298175781
Gene_805,0.248724257976042,0.389115776891655,0,0.409921160154673
Gene_806,0.301319909609077,0.315872563528657,0,0.500488094973543
Gene_807,-0.410719617563856,0.236986503132873,0,0.625276387246557
Gene_808,-0.130580588830635,0.752860852074365,0,0.123285285101478
Gene_809,0.379873177092067,0.273582480769156,0,0.562911716706629
Gene_810,0.0764511997743771,0.743304634699057,0,0.128833159248779
Gene_811,0.139309392283468,0.476078083399604,0,0.322321811127255
Gene_812,0.021371262903175,0.804718203936268,0,0.0943561741674554
Gene_813,-0.407050108265829,0.0702930422159797,0,1.15308766042471
Gene_814,-0.226870477217185,0.172069757837714,0,0.764295452498233
Gene_815,-0.638675177842649,0.124452091470174,0,0.90499780049112
Gene_816,0.0150230191597798,0.949707839782678,0,0.0224099769058013
Gene_817,0.192663579468785,0.657302233860739,0,0.18223489175471
Gene_818,-0.124535437541395,0.477742508743823,0,0.320806114187608
Gene_819,-0.135003352629772,0.539117871015152,0,0.268316271668623
Gene_820,0.0605713688408036,0.974246995824678,0,0.011330924718004
Gene_821,0.0402881957570402,0.462211897373858,0,0.335158879935844
Gene_822,-0.166087855221543,0.232439824603786,0,0.63368946094638
Gene_823,-0.365689139320055,0.233070142606616,0,0.632513358104116
Gene_824,0.382154969967873,0.0610867868600572,0,1.21405271797891
Gene_825,-0.101774915794326,0.260556316909545,0,0.58409839336384
Gene_826,-0.377612238781814,0.259798551232572,0,0.585363275100766
Gene_827,-0.253345808472013,0.366425035790518,0,0.436014861057077
Gene_828,0.0550384065238294,0.829308877128855,0,0.0812836857964528
Gene_829,0.16321487336359,0.316559348551448,0,0.49954485647719
Gene_830,0.105971519836997,0.582894357518555,0,0.234410148678524
Gene_831,0.317743504957458,0.359148030631431,0,0.444726510654174
Gene_832,-0.018666681920835,0.898752521410463,0,0.0463598782133838
Gene_833,-0.0871974772199628,0.749990355651498,0,0.124944321293989
Gene_834,0.0511005614696858,0.757474148944178,0,0.120632184162251
Gene_835,-0.231254759240196,0.419318309065317,0,0.377456174199255
Gene_836,-0.101280839674667,0.241284957357986,0,0.61746975285317
Gene_837,-0.340320725232184,0.422634110985948,0,0.374035453769454
Gene_838,0.031290909385131,0.936790732331629,0,0.0283574143886638
Gene_839,-0.380959453023323,0.277809561213129,0,0.556252811475846
Gene_840,-0.0988573550455589,0.0896366788146282,0,1.04751424315885
Gene_841,-0.126616648291202,0.396812343417087,0,0.401414826954975
Gene_842,0.142007894252957,0.756528607457215,0,0.121174644870267
Gene_843,0.0299682003525215,0.920741627229867,0,0.0358622217148633
Gene_844,-0.343861328902356,0.270675049202255,0,0.567551775604429
Gene_845,0.246614614294711,0.0626847268078154,0,1.20283826253606
Gene_846,0.249855041891353,0.281963137597135,0,0.549807665384839
Gene_847,-0.0348078340058429,0.871458634302854,0,0.0597532228057097
Gene_848,-0.21889260173619,0.496072488070671,0,0.304454858048295
Gene_849,-0.125919517727808,0.5004412319811,0,0.300646915437118
Gene_850,-0.108290790500968,0.666633309702588,0,0.176112989717486
Gene_851,-0.206551739629106,0.697224109147491,0,0.156627603936272
Gene_852,0.0313327004160975,0.88912903102758,0,0.0510352093368979
Gene_853,0.526751458023588,0.00474545368269284,0,2.32372226111419
Gene_854,-0.41716894747695,0.0472290068552435,0,1.32579118679303
Gene_855,-0.404231698995004,0.193887261347034,0,0.712450723713592
Gene_856,0.137140992302382,0.609122949740818,0,0.215295037408717
Gene_857,-0.312919882393798,0.510218781161135,0,0.292243559045474
Gene_858,0.0859493197061525,0.550531436474346,0,0.259217876878363
Gene_859,-0.163498687451173,0.366352325873197,0,0.4361010468964
Gene_860,-0.191494943393282,0.0345530388283897,0,1.46151375181031
Gene_861,0.053521702316158,0.730070010650154,0,0.136635490864308
Gene_862,-0.00450493549149389,0.962377430784932,0,0.0166545704151947
Gene_863,-0.178472559408728,0.452699493949493,0,0.344189990980926
Gene_864,-0.389197367381302,0.320365799725376,0,0.494353852710544
Gene_865,-0.19068392267745,0.330597400296719,0,0.480700565892304
Gene_866,-0.0639164923723907,0.740162400218418,0,0.130672980565435
Gene_867,-0.0514169714085293,0.748798731221101,0,0.125634900146208
Gene_868,0.0312893176646378,0.890861586404047,0,0.0501897672656355
Gene_869,-0.0383806928255952,0.787687949606602,0,0.103645798506041
Gene_870,-0.230331696690556,0.357293286053496,0,0.446975144607284
Gene_871,0.214786500238421,0.545038908997745,0,0.263572493393357
Gene_872,0.212990695141232,0.224385835699798,0,0.649004561282048
Gene_873,0.22651310128822,0.440208450540721,0,0.35634162469049
Gene_874,-0.17947817966906,0.471095581801297,0,0.326890968800006
Gene_875,-0.137806923160768,0.603438746168507,0,0.219366807672903
Gene_876,-0.276346812569854,0.412843986467701,0,0.384214037004643
Gene_877,-0.0404439098087828,0.98574393313663,0,0.00623588715698848
Gene_878,0.16505527679017,0.155099615022201,0,0.809389280161517
Gene_879,-0.157773966407746,0.483874976064557,0,0.315266837155874
Gene_880,0.100614616281343,0.6701689241907,0,0.173815714318416
Gene_881,-0.201284318946814,0.672100684315039,0,0.172565662411906
Gene_882,0.431774397060885,0.351500007716664,0,0.454074661109863
Gene_883,-0.00240810892263799,0.90603595463667,0,0.0428545676758648
Gene_884,-0.296758073316368,0.278873978406284,0,0.554592007647868
Gene_885,0.199658180667667,0.769964320806025,0,0.11352939903021
Gene_886,0.011517506428051,0.97281437308457,0,0.0119700214335899
Gene_887,-0.340993245387167,0.205106486304569,0,0.688020605249675
Gene_888,-0.0866101451392929,0.7812474721296,0,0.107211374885554
Gene_889,-0.22406753833011,0.58277911387989,0,0.23449602122815
Gene_890,-0.0371852347236032,0.803553567749635,0,0.0949851663149232
Gene_891,-0.180370391817357,0.294647507114387,0,0.53069722893179
Gene_892,0.196721380738697,0.622179356965756,0,0.206084402267151
Gene_893,-0.412443787587785,0.0748653320315866,0,1.12571924495563
Gene_894,-0.528320833573719,0.0801376174923096,0,1.09616357337479
Gene_895,-0.26649107120664,0.203779279557654,0,0.690839977499658
Gene_896,-0.120523628821187,0.641520999114626,0,0.192789123154455
Gene_897,0.040734049118675,0.864433036497152,0,0.0632686438084092
Gene_898,-0.248693545407664,0.347074933801564,0,0.459576750502481
Gene_899,-0.0279029977857252,0.798314314709021,0,0.0978260832513084
Gene_900,0.271903438822878,0.0731991121139397,0,1.13549418678799
Gene_901,-0.195794947982965,0.0578651436649567,0,1.23758296429295
Gene_902,-0.345605163355128,0.348520542315767,0,0.457771618853039
Gene_903,-0.0334036988576019,0.96087728730958,0,0.017332072110009
Gene_904,-0.215395419591844,0.354756210734818,0,0.450069992588602
Gene_905,0.268689416687345,0.35413403142454,0,0.450832336586364
Gene_906,-0.0986037921875598,0.535601214298354,0,0.271158447040019
Gene_907,0.424827065814263,0.122762405894264,0,0.910934608865466
Gene_908,-0.517772730609854,0.182290590440902,0,0.739235748377726
Gene_909,0.335534807923263,0.157435202743352,0,0.802898152232301
Gene_910,-0.552523756675502,0.075367496887776,0,1.12281590831689
Gene_911,-0.222354526978683,0.45105633568595,0,0.345769212557531
Gene_912,-0.105585095108876,0.595339690436775,0,0.225235162697585
Gene_913,0.268606215191502,0.118776303768735,0,0.925270193773755
Gene_914,-0.278616505046451,0.108053032459978,0,0.966363040329517
Gene_915,-0.166239441174211,0.535245489472211,0,0.271446983829102
Gene_916,-0.199721354920247,0.392745007931957,0,0.405889326444279
Gene_917,0.196197404010017,0.260317333862388,0,0.584496912374266
Gene_918,-0.227302249995025,0.472505650580215,0,0.325592993501526
Gene_919,0.306365528502499,0.0159771015807853,0,1.79650200359783
Gene_920,-0.0916989966943582,0.757175079424742,0,0.1208036882191
Gene_921,0.621384713635996,0.130872071985747,0,0.883153021719276
Gene_922,0.0477480084774164,0.879842366114228,0,0.0555951297351061
Gene_923,0.197309539534326,0.234435568984997,0,0.629976495717099
Gene_924,0.000416182065753112,0.883939972694681,0,0.0535772264039162
Gene_925,-0.471987008575574,0.131441535830009,0,0.881267375024903
Gene_926,0.068908634409329,0.808086566694033,0,0.0925421127108744
Gene_927,0.509681033657981,0.17375472406128,0,0.760063378934362
Gene_928,0.0523521070571116,0.463774292314497,0,0.33369332860745
Gene_929,-0.52716706749283,0.14274839620951,0,0.845428762390503
Gene_930,-0.19406544853329,0.307569236369944,0,0.512057105616132
Gene_931,0.165724453613477,0.55577289812709,0,0.255102635106023
Gene_932,-0.373991619553877,0.445609815602998,0,0.351045251372773
Gene_933,0.516602501698192,0.0279112597543934,0,1.55422056150367
Gene_934,0.0669641829139378,0.844700972585806,0,0.0732970057718888
Gene_935,-0.220635348067819,0.396367003437127,0,0.401902506612693
Gene_936,0.224661255662468,0.547360771136364,0,0.261726331313003
Gene_937,0.360166627996037,0.0818446941501576,0,1.08700946989894
Gene_938,-0.309350052706995,0.431450853055267,0,0.365068667996338
Gene_939,0.231606011822965,0.483652264886294,0,0.315466774136234
Gene_940,0.0239691478496749,0.815912771406908,0,0.0883562688461235
Gene_941,-0.0351601608851748,0.889485365526858,0,0.0508611928562954
Gene_942,0.159710426614082,0.393161273493896,0,0.405429266872967
Gene_943,-0.191539725151147,0.0610342976124823,0,1.21442604895748
Gene_944,-0.500130029244704,0.102014026454691,0,0.991340110658967
Gene_945,-0.0926469217147856,0.690656806719605,0,0.160737703672288
Gene_946,0.518567980672854,0.0140513557870479,0,1.85228176953641
Gene_947,0.0411721262031906,0.913329716883516,0,0.0393724115423138
Gene_948,0.495827436850405,0.32240261043775,0,0.491601450445978
Gene_949,-0.337059975801448,0.150950742498345,0,0.821164746422659
Gene_950,-0.0947716147395274,0.750572924883545,0,0.12460710577126
Gene_951,0.207349104262583,0.591550832290782,0,0.228007930267069
Gene_952,-0.187446530586828,0.40630635251867,0,0.391146387513024
Gene_953,0.362146780877786,0.267121676394509,0,0.573290868412355
Gene_954,0.0323388281466981,0.967394643412182,0,0.014396321684975
Gene_955,0.182991409351187,0.221165768195294,0,0.655282091808365
Gene_956,-0.495810291836971,0.106092666244371,0,0.974314636076813
Gene_957,0.116571187181761,0.874697807324631,0,0.0581419621541817
Gene_958,-0.126390522592555,0.60827718968893,0,0.215898469215147
Gene_959,-0.195057894494623,0.263006108748789,0,0.580034164190545
Gene_960,0.292256880896861,0.229417224213795,0,0.639373979197642
Gene_961,-0.156227325371687,0.331688223460645,0,0.479269947765569
Gene_962,0.13809570949042,0.603376010858329,0,0.219411960582903
Gene_963,-0.0185252904006914,0.813706656217273,0,0.0895321314093163
Gene_964,-0.0600590737093096,0.844810912471045,0,0.0732404849672821
Gene_965,-0.166706904104425,0.525888252807126,0,0.279106530266641
Gene_966,-0.0757192252192853,0.611398466307582,0,0.213675655035821
Gene_967,0.0613060667272496,0.709287683616079,0,0.149177581366772
Gene_968,-0.0960332142042688,0.882174327766065,0,0.0544455848162411
Gene_969,0.402368305056346,0.204964954576635,0,0.688320389359314
Gene_970,0.211673735383339,0.502276060791595,0,0.299057520454561
Gene_971,0.343806882875435,0.312259810486472,0,0.505483908203757
Gene_972,0.369450927662185,0.448185970964892,0,0.348541741794465
Gene_973,0.00106860094169647,0.957594237478642,0,0.0188184760506409
Gene_974,-0.628235941812236,0.154021189294995,0,0.812419527469652
Gene_975,-0.129805654231535,0.637295949814647,0,0.195658841568367
Gene_976,0.0489188779557468,0.900771714395904,0,0.0453852597869636
Gene_977,0.144305329256675,0.458726674941739,0,0.338446004923242
Gene_978,0.510110613597955,0.257648419401479,0,0.588972517465749
Gene_979,0.321385560873739,0.241822269580615,0,0.616503707153363
Gene_980,-0.471987435858654,0.214584098866088,0,0.668402463314029
Gene_981,-0.106371636331956,0.787220194821171,0,0.103903773333193
Gene_982,0.352639704402454,0.241679784107764,0,0.616759675689296
Gene_983,0.523327934553317,0.114644937385364,0,0.94064511855415
Gene_984,-0.199806709519613,0.278632810202662,0,0.55496774487194
Gene_985,0.316386194413721,0.320875482466068,0,0.49366346531795
Gene_986,0.00420216863326583,0.878530056840908,0,0.05624337554962
Gene_987,-0.230638179226857,0.242781084814157,0,0.61478515236134
Gene_988,-0.175664778876826,0.105458234049655,0,0.976919505419799
Gene_989,0.419256259140274,0.093462569556292,0,1.02936228313646
Gene_990,-0.162520405038733,0.681410542666757,0,0.166591151386608
Gene_991,-0.624961710872419,0.124096960174571,0,0.906238856660649
Gene_992,0.165700362537769,0.723650089911378,0,0.140471379596618
Gene_993,-0.44209565617227,0.119656567806143,0,0.922063458490717
Gene_994,0.195451912007008,0.237060176946652,0,0.625141395768346
Gene_995,-0.069478668454348,0.936675605419036,0,0.0284107902961067
Gene_996,-0.0568369657325736,0.623688218711424,0,0.205032459567504
Gene_997,-0.258970024965056,0.570544740085377,0,0.243710294084769
Gene_998,0.236032870715534,0.53656027329941,0,0.270381485457484
Gene_999,0.296631203018194,0.0637874423443455,0,1.19526481120596
Gene_1000,-0.1398470177699,0.513094765603674,0,0.289802415828022
